ticker,yahoo_ticker,country,company,sector
2020,2020.OL,Norway,2020 Bulkers,
2CUREX,2CUREX.ST,Sweden,2cureX,
4C,4C.ST,Sweden,4C Group,
5PG,5PG.OL,Norway,5th Planet Games,
MAERSK A,MAERSK-A.CO,Denmark,A.P. Moller Maersk A,
MAERSK B,MAERSK-B.CO,Denmark,A.P. Moller Maersk B,
AAC,AAC.ST,Sweden,AAC Clyde Space,
AAK,AAK.ST,Sweden,AAK,
AAB,AAB.CO,Denmark,Aalborg Boldspilklub,
AALLON,AALLON.HE,Finland,Aallon Group,
AASB,AASB.OL,Norway,Aasen Sparebank,
ABAS,ABAS.ST,Sweden,ABAS Protect,
ABB,ABB.ST,Sweden,ABB,
ABIG,ABIG.ST,Sweden,Abelco Investment,
ABERA,ABERA.ST,Sweden,Abera Bioscience,
ABG,ABG.OL,Norway,ABG Sundal Collier,
ABL,ABL.OL,Norway,ABL Group,
ABSO,ABSO.ST,Sweden,Absolent Air Care,
ABSL B,ABSL-B.ST,Sweden,Absolicon,
ACAD,ACAD.ST,Sweden,AcadeMedia,
ACARIX,ACARIX.ST,Sweden,Acarix,
ACAST,ACAST.ST,Sweden,Acast,
ACCON,ACCON.ST,Sweden,Acconeer,
ACED,ACED.OL,Norway,Ace Digital,
PADEL,PADEL.ST,Sweden,Acenta Group,
ACOU,ACOU.ST,Sweden,AcouSort,
ACRI A,ACRI-A.ST,Sweden,Acrinova A,
ACRI B,ACRI-B.ST,Sweden,Acrinova B,
ACROUD,ACROUD.ST,Sweden,Acroud,
ATIC,ATIC.ST,Sweden,Actic Group,
ACTI,ACTI.ST,Sweden,Active Biotech,
ACUC,ACUC.ST,Sweden,AcuCort,
ACUVI,ACUVI.ST,Sweden,Acuvi,
ALIF B,ALIF-B.ST,Sweden,AddLife,
ANOD B,ANOD-B.ST,Sweden,Addnode,
ADDT B,ADDT-B.ST,Sweden,Addtech,
ADDV A,ADDV-A.ST,Sweden,ADDvise Group A,
ADDV B,ADDV-B.ST,Sweden,ADDvise Group B,
ADMCM,ADMCM.HE,Finland,Admicom,
ADMIN,ADMIN.HE,Finland,Administer,
ADS,ADS.OL,Norway,ADS Maritime,
ADTR,ADTR.ST,Sweden,Adtraction,
ADVE,ADVE.ST,Sweden,Advenica,
ADVT,ADVT.ST,Sweden,Adverty,
SX502010PI,SX502010PI.ST,Sweden,Aerospace & Defense,
AERW B,AERW-B.ST,Sweden,Aerowash,
AFG,AFG.OL,Norway,AF Gruppen,
AFAGR,AFAGR.HE,Finland,Afarak,
AEC,AEC.ST,Sweden,Africa Energy,
AFRI,AFRI.ST,Sweden,Africa Resources,
AFRY,AFRY.ST,Sweden,AFRY,
AGAT,AGAT.CO,Denmark,Agat Ejendomme,
AGES B,AGES-B.ST,Sweden,Ages Industri,
AGF B,AGF-B.CO,Denmark,AGF B,
AGILC,AGILC.CO,Denmark,Agillic,
AGLX,AGLX.OL,Norway,Agilyx,
AGTIRA B,AGTIRA-B.ST,Sweden,Agtira,
AIFORIA,AIFORIA.HE,Finland,Aiforia Technologies,
AIK B,AIK-B.ST,Sweden,AIK Fotboll,
AIKE B,AIKE-B.ST,Sweden,Aike,
AINO,AINO.ST,Sweden,Aino Health,
AIRX,AIRX.OL,Norway,Airthings,
AIXIA B,AIXIA-B.ST,Sweden,Aixia,
AKAST,AKAST.OL,Norway,Akastor,
AKER,AKER.OL,Norway,Aker,
AKBM,AKBM.OL,Norway,Aker BioMarine,
AKRBP,AKRBP.OL,Norway,Aker BP,
AKH,AKH.OL,Norway,Aker Horizons,
AKSO,AKSO.OL,Norway,Aker Solutions,
AKOBO,AKOBO.OL,Norway,Akobo Minerals,
AKTIA,AKTIA.HE,Finland,Aktia Bank,
AKVA,AKVA.OL,Norway,AKVA Group,
ALSYDB,ALSYDB.CO,Denmark,AL Sydbank,
ALCA,ALCA.ST,Sweden,Alcadon Group,
ALEFRM,ALEFRM.CO,Denmark,Alefarm Brewing,
ALEX,ALEX.HE,Finland,Alexandria Group,
ALFA,ALFA.ST,Sweden,Alfa Laval,
ALIG,ALIG.ST,Sweden,Alimak,
ALISA,ALISA.HE,Finland,Alisa Pankki,
ALK B,ALK-B.CO,Denmark,ALK-Abello,
ALLEI,ALLEI.ST,Sweden,Alleima,
ATORX,ATORX.ST,Sweden,Alligator Bioscience,
ALLIGO B,ALLIGO-B.ST,Sweden,Alligo,
ALM,ALM.ST,Sweden,ALM Equity,
ALM PREF,ALMPREF.ST,Sweden,ALM Equity Pref,
ALMB,ALMB.CO,Denmark,Alm. Brand,
ALMA,ALMA.HE,Finland,Alma Media,
ALPCOT B,ALPCOT-B.ST,Sweden,Alpcot,
SX601020PI,SX601020PI.ST,Sweden,Alternative Energy,
ALVO SDB,ALVOSDB.ST,Sweden,Alvotech SDB,
ALZCUR,ALZCUR.ST,Sweden,AlzeCure Pharma,
ALZ,ALZ.ST,Sweden,Alzinova,
AMBEA,AMBEA.ST,Sweden,Ambea,
AMBU B,AMBU-B.CO,Denmark,Ambu,
AMH2 B,AMH2-B.ST,Sweden,Amhult 2,
AMIDO,AMIDO.ST,Sweden,Amido,
AMNO,AMNO.ST,Sweden,Amnode,
ANDF,ANDF.OL,Norway,Andfjord Salmon,
ANGL,ANGL.ST,Sweden,Angler Gaming,
ANNE B,ANNE-B.ST,Sweden,Annehem Fastigheter,
ANNX,ANNX.ST,Sweden,Annexin,
ANORA,ANORA.HE,Finland,Anora Group,
ANOT,ANOT.ST,Sweden,Anoto,
ANTCO B,ANTCO-B.ST,Sweden,ANTCO Investment,
APETIT,APETIT.HE,Finland,Apetit,
APOTEA,APOTEA.ST,Sweden,Apotea,
APR,APR.OL,Norway,Appear,
APTA,APTA.ST,Sweden,Aptahem,
AQ,AQ.ST,Sweden,AQ Group,
ABTEC,ABTEC.OL,Norway,Aqua Bio Technology,
AQP,AQP.CO,Denmark,Aquaporin,
AQUAT,AQUAT.ST,Sweden,Aquaticus Real Estate,
ARBO A,ARBO-A.ST,Sweden,Arbona A,
ALONNR B,ALONNR-B.ST,Sweden,Archelon Natural,
ARCH,ARCH.OL,Norway,Archer,
ARCOMA,ARCOMA.ST,Sweden,Arcoma,
ABS,ABS.OL,Norway,Arctic Bioscience,
ARCTIC,ARCTIC.ST,Sweden,Arctic Blue Beverages,
ARFA,ARFA.ST,Sweden,Arctic Falls,
AFISH,AFISH.OL,Norway,Arctic Fish,
ARCT,ARCT.ST,Sweden,Arctic Minerals,
ARP,ARP.ST,Sweden,Arctic Paper,
AZT,AZT.OL,Norway,ArcticZymes,
AFK,AFK.OL,Norway,Arendals Fossekompani,
ARION SDB,ARIONSDB.ST,Sweden,Arion Banki,
ARISE,ARISE.ST,Sweden,Arise Windpower,
ARJO B,ARJO-B.ST,Sweden,Arjo,
ARPL,ARPL.ST,Sweden,Arla Plast,
AGROUP,AGROUP.ST,Sweden,Arlandastad,
ARR,ARR.OL,Norway,Arribatec,
ACE,ACE.ST,Sweden,Ascelia Pharma,
ASTK,ASTK.CO,Denmark,Asetek,
ASKER,ASKER.ST,Sweden,Asker Healthcare,
ASMDEE B,ASMDEE-B.ST,Sweden,Asmodee,
ASPO,ASPO.HE,Finland,Aspo,
ACG1V,ACG1V.HE,Finland,Aspocomp,
ASSA B,ASSA-B.ST,Sweden,Assa Abloy,
AZN,AZN.ST,Sweden,AstraZeneca,
ASUNTO,ASUNTO.HE,Finland,Asuntosalkku,
ATEA,ATEA.OL,Norway,Atea,
ATIN,ATIN.ST,Sweden,Athanase Innovation,
ATLA DKK,ATLADKK.CO,Denmark,Atlantic Petroleum,
ASA,ASA.OL,Norway,Atlantic Sapphire,
ATCO A,ATCO-A.ST,Sweden,Atlas Copco A,
ATCO B,ATCO-B.ST,Sweden,Atlas Copco B,
ATRAV,ATRAV.HE,Finland,Atria,
ATRLJ B,ATRLJ-B.ST,Sweden,Atrium Ljungberg,
ATANA,ATANA.ST,Sweden,Attana,
ATT,ATT.ST,Sweden,Attendo,
AUDNTS,AUDNTS.CO,Denmark,Audientes,
AURG,AURG.OL,Norway,Aurskog Sparebank,
AUSS,AUSS.OL,Norway,Austevoll Seafood,
ALIV SDB,ALIVSDB.ST,Sweden,Autoliv,
SX4010PI,SX4010PI.ST,Sweden,Automobiles & Parts,
AUTO,AUTO.OL,Norway,Autostore,
AZA,AZA.ST,Sweden,Avanza Bank,
AVEN,AVEN.ST,Sweden,Avensia,
ALNG,ALNG.OL,Norway,Awilco LNG,
AVSALT,AVSALT.ST,Sweden,Avsalt Group,
AVT B,AVT-B.ST,Sweden,Avtech,
ACR,ACR.OL,Norway,Axactor,
AXFO,AXFO.ST,Sweden,Axfood,
AXIC A,AXIC-A.ST,Sweden,aXichem,
AXOLOT,AXOLOT.ST,Sweden,Axolot Solutions,
AIX,AIX.OL,Norway,Ayfie,
BTC B,BTC-B.ST,Sweden,B Treasury Capital,
B2I,B2I.OL,Norway,B2 Impact,
B3,B3.ST,Sweden,B3 Consulting,
BACTI B,BACTI-B.ST,Sweden,Bactiguard,
BACTIQ,BACTIQ.CO,Denmark,BactiQuant,
BAHN B,BAHN-B.ST,Sweden,Bahnhof,
BAKKA,BAKKA.OL,Norway,Bakkafrost,
BALCO,BALCO.ST,Sweden,Balco Group,
BALT,BALT.OL,Norway,Baltic Sea Properties,
BUSER,BUSER.ST,Sweden,Bambuser,
BO,BO.CO,Denmark,Bang & Olufsen,
SX3010PI,SX3010PI.ST,Sweden,Banks,
BARRA,BARRA.OL,Norway,Barramundi,
SX5510PI,SX5510PI.ST,Sweden,Basic Resources,
BAVA,BAVA.CO,Denmark,Bavarian Nordic,
BAWAT,BAWAT.ST,Sweden,Bawat Water,
BEGR,BEGR.ST,Sweden,BE Group,
BEAMMW B,BEAMMW-B.ST,Sweden,BeammWave,
BEIA B,BEIA-B.ST,Sweden,Beijer Alma,
BEIJ B,BEIJ-B.ST,Sweden,Beijer Ref,
BEO SDB,BEOSDB.ST,Sweden,Beowulf Mining,
BCS,BCS.OL,Norway,Bergen Carbon,
BERG B,BERG-B.ST,Sweden,Bergman & Beving,
BERNER B,BERNER-B.ST,Sweden,Berner Industrier,
BESQAB,BESQAB.ST,Sweden,Besqab,
BESQAB PREF B,BESQAB-PREF-B.ST,Sweden,Besqab Pref B,
BETOLAR,BETOLAR.HE,Finland,Betolar,
BETS B,BETS-B.ST,Sweden,Betsson,
BETCO,BETCO.ST,Sweden,Better Collective,
BETCO DKK,BETCODKK.CO,Denmark,Better Collective,
BEWI,BEWI.OL,Norway,BEWi,
BEYOND,BEYOND.ST,Sweden,Beyond Frames,
BHG,BHG.ST,Sweden,BHG Group,
BIBB,BIBB.ST,Sweden,BiBBInstruments,
BICO,BICO.ST,Sweden,BICO Group,
BIEN,BIEN.OL,Norway,Bien Sparebank,
BILI A,BILI-A.ST,Sweden,Bilia,
BILL,BILL.ST,Sweden,Billerud,
BIM,BIM.ST,Sweden,BIMobject,
BINERO,BINERO.ST,Sweden,Binero Group,
BIOA B,BIOA-B.ST,Sweden,BioArctic,
BIOEX,BIOEX.ST,Sweden,Bioextrax,
BIOF,BIOF.ST,Sweden,Biofrigas,
BIOG B,BIOG-B.ST,Sweden,BioGaia,
BIOBV,BIOBV.HE,Finland,Biohit,
BINV,BINV.ST,Sweden,Bioinvent,
BIOPOR,BIOPOR.CO,Denmark,BioPorto,
BRETEC,BRETEC.HE,Finland,Bioretec,
BIOSGN,BIOSGN.ST,Sweden,Biosergen,
BIOVIC B,BIOVIC-B.ST,Sweden,Biovica,
BIOWKS,BIOWKS.ST,Sweden,Bio-Works,
BITTI,BITTI.HE,Finland,Bittium,
BORG,BORG.ST,Sweden,Björn Borg,
BSP,BSP.OL,Norway,Black Sea Property,
BLICK,BLICK.ST,Sweden,Blick Global,
BLUE,BLUE.ST,Sweden,Bluelake Mineral,
BNOR,BNOR.OL,Norway,Bluenord,
SHIP,SHIP.ST,Sweden,BlueYield,
BODY,BODY.ST,Sweden,Bodyflight,
BOHO,BOHO.ST,Sweden,Boho Group,
BOHO PREF,BOHOPREF.ST,Sweden,Boho Group Pref,
BOKUS,BOKUS.ST,Sweden,Bokusgruppen,
BOL,BOL.ST,Sweden,Boliden,
BOMILL,BOMILL.ST,Sweden,BoMill,
BONAV A,BONAV-A.ST,Sweden,Bonava A,
BONAV B,BONAV-B.ST,Sweden,Bonava B,
BONEX,BONEX.ST,Sweden,Bonesupport,
BONG,BONG.ST,Sweden,Bong Ljungdahl,
BONHR,BONHR.OL,Norway,Bonheur,
BONAS,BONAS.ST,Sweden,Bonäsudden,
BOOZT,BOOZT.ST,Sweden,Boozt,
BOOZT DKK,BOOZTDKK.CO,Denmark,Boozt,
BOREO,BOREO.HE,Finland,Boreo,
BOR,BOR.OL,Norway,Borgestad,
BRG,BRG.OL,Norway,Borregaard,
BOTX,BOTX.ST,Sweden,Botnia Gold,
BOUL,BOUL.ST,Sweden,Boule Diagnostics,
BOUV,BOUV.OL,Norway,Bouvet,
BPCINS,BPCINS.ST,Sweden,BPC Instruments,
BRAINP,BRAINP.CO,Denmark,Brain+,
BRAIN,BRAIN.ST,Sweden,BrainCool,
BRAV,BRAV.ST,Sweden,Bravida,
KLEE B,KLEE-B.CO,Denmark,Brd. Klee,
AOJ B,AOJ-B.CO,Denmark,Brdr. A&O Johansen,
BRE2,BRE2.ST,Sweden,Bredband2,
BRIGHT,BRIGHT.ST,Sweden,BrightBid,
BRILL,BRILL.ST,Sweden,Brilliant Future,
BRIN B,BRIN-B.ST,Sweden,Brinova Fastigheter,
BRIX,BRIX.ST,Sweden,Briox,
BMC,BMC.ST,Sweden,Brock Milton Capital,
BIF,BIF.CO,Denmark,Brondbyernes IF,
BRUT,BRUT.OL,Norway,Bruton,
BTS B,BTS-B.ST,Sweden,BTS Group,
BBROOM,BBROOM.ST,Sweden,Bubbleroom,
BUFAB,BUFAB.ST,Sweden,Bufab,
BULTEN,BULTEN.ST,Sweden,Bulten,
BURE,BURE.ST,Sweden,Bure Equity,
BWE,BWE.OL,Norway,BW Energy Limited,
BWLPG,BWLPG.OL,Norway,BW LPG,
BWO,BWO.OL,Norway,BW Offshore Limited,
BMA,BMA.OL,Norway,Byggma,
BMAX,BMAX.ST,Sweden,Byggmax,
AJA B,AJA-B.ST,Sweden,Byggmästare AJ Ahlström,
BYGGP,BYGGP.ST,Sweden,Byggpartner,
BESS,BESS.ST,Sweden,Byhmgard,
C100,C100.ST,Sweden,C100,
CADLR,CADLR.OL,Norway,Cadeler,
CAG,CAG.ST,Sweden,CAG Group,
CALVIK,CALVIK.ST,Sweden,Calviks,
CAMBI,CAMBI.OL,Norway,Cambi,
CAMX,CAMX.ST,Sweden,Camurus,
CANATU,CANATU.HE,Finland,Canatu,
CANDLE B,CANDLE-B.ST,Sweden,Candles Scandinavia,
CANTA,CANTA.ST,Sweden,Cantargia,
CAPMAN,CAPMAN.HE,Finland,CapMan,
CAPSL,CAPSL.OL,Norway,Capsol Technologies,
CARA,CARA.ST,Sweden,Carasent,
CRBX,CRBX.ST,Sweden,Carbiotix,
CARDEO,CARDEO.ST,Sweden,Cardeon,
CARE,CARE.ST,Sweden,Careium,
CARL A,CARL-A.CO,Denmark,Carlsberg A,
CARL B,CARL-B.CO,Denmark,Carlsberg B,
CASE,CASE.ST,Sweden,Case Group,
CAST,CAST.ST,Sweden,Castellum,
CAT A,CAT-A.ST,Sweden,Catella A,
CAT B,CAT-B.ST,Sweden,Catella B,
CATE,CATE.ST,Sweden,Catena,
CTM,CTM.ST,Sweden,Catena Media,
CAVEN,CAVEN.OL,Norway,Cavendish Hydrogen,
CCC,CCC.ST,Sweden,Cavotec,
CBRAIN,CBRAIN.CO,Denmark,cBrain,
CDON,CDON.ST,Sweden,CDON,
CEDER,CEDER.ST,Sweden,Cedergrenska,
CI,CI.ST,Sweden,Cell Impact,
CEVI,CEVI.ST,Sweden,CellaVision,
CEMAT,CEMAT.CO,Denmark,Cemat,
CRNO B,CRNO-B.ST,Sweden,Cereno Scientific,
CESSA,CESSA.CO,Denmark,Cessatech,
CHARGE,CHARGE.ST,Sweden,ChargePanel,
CHECK,CHECK.ST,Sweden,checkin.com,
CHEF,CHEF.ST,Sweden,Cheffelo,
CHEMM,CHEMM.CO,Denmark,ChemoMetec,
CMOTEC B,CMOTEC-B.ST,Sweden,ChemoTech,
CMH,CMH.ST,Sweden,Chordate Medical,
CMH PREF,CMHPREF.ST,Sweden,Chordate Medical Pref,
CHOSA,CHOSA.ST,Sweden,CHOSA Oncology,
CIBUS,CIBUS.ST,Sweden,Cibus Nordic,
CINPHA,CINPHA.ST,Sweden,Cinclus Pharma,
CINIS,CINIS.ST,Sweden,Cinis Fertilizer,
CINT,CINT.ST,Sweden,Cint Group,
CIRCHE,CIRCHE.ST,Sweden,CirChem,
CRNA,CRNA.OL,Norway,Circio,
CTY1S,CTY1S.HE,Finland,Citycon,
CITYVA,CITYVA.HE,Finland,Cityvarasto,
CLAS B,CLAS-B.ST,Sweden,Clas Ohlson,
CLAV,CLAV.ST,Sweden,Clavister,
CLEMO,CLEMO.ST,Sweden,Clean Motion,
CLEM,CLEM.ST,Sweden,Clemondo,
CLIME B,CLIME-B.ST,Sweden,Climeon,
CLS B,CLS-B.ST,Sweden,Clinical Laserthermia,
CLA B,CLA-B.ST,Sweden,Cloetta,
CLOUD,CLOUD.OL,Norway,Cloudberry Clean Energy,
CMBTO,CMBTO.OL,Norway,CMB.TECH NV,
CODE,CODE.OL,Norway,CodeLab Capital,
CDMIL,CDMIL.ST,Sweden,CodeMill,
COEGIN,COEGIN.ST,Sweden,Coegin Pharma,
COFFEE B,COFFEE-B.ST,Sweden,Coffee Stain,
CS,CS.ST,Sweden,CoinShares,
COLLAX,COLLAX.ST,Sweden,Collaxio,
COLO B,COLO-B.CO,Denmark,Coloplast,
COLUM,COLUM.CO,Denmark,Columbus,
CX,CX.ST,Sweden,CombinedX,
COMINT,COMINT.ST,Sweden,Comintelli,
COMPDM,COMPDM.ST,Sweden,Compodium,
CTH1V,CTH1V.HE,Finland,Componenta,
CNCJO B,CNCJO-B.ST,Sweden,Concejo B,
CAM B,CAM-B.ST,Sweden,Consensus,
COSH,COSH.OL,Norway,Constellation Oil,
CONSTI,CONSTI.HE,Finland,Consti,
SX5010PI,SX5010PI.ST,Sweden,Construction & Materials,
SX4020PI,SX4020PI.ST,Sweden,Consumer Products,
SX402010PI,SX402010PI.ST,Sweden,Consumer Services,
CONTX,CONTX.OL,Norway,ContextVision,
CLCO,CLCO.OL,Norway,Cool Company,
COOR,COOR.ST,Sweden,Coor Service Management,
CPHCAP ST,CPHCAP-ST.CO,Denmark,Copenhagen Capital,
CORE A,CORE-A.ST,Sweden,Corem Property A,
CORE B,CORE-B.ST,Sweden,Corem Property B,
CORE D,CORE-D.ST,Sweden,Corem Property D,
CORE PREF,COREPREF.ST,Sweden,Corem Property Pref,
CLBIO,CLBIO.ST,Sweden,Corline Biomedical,
CRAD B,CRAD-B.ST,Sweden,C-RAD,
CRED A,CRED-A.ST,Sweden,Creades,
CRET,CRET.ST,Sweden,Creturner,
CRWN,CRWN.ST,Sweden,Crown Energy,
CFISH,CFISH.ST,Sweden,Crunchfish,
CTEK,CTEK.ST,Sweden,CTEK,
CTT,CTT.ST,Sweden,CTT Systems,
CURAS,CURAS.CO,Denmark,Curasight,
CYB1,CYB1.ST,Sweden,Cyber Security 1,
CYCLE,CYCLE.ST,Sweden,Cyclezyme,
CYVIZ,CYVIZ.OL,Norway,Cyviz,
DNORD,DNORD.CO,Denmark,D/S Norden,
DE,DE.ST,Sweden,Dala Energi,
DANCAN,DANCAN.CO,Denmark,Dancann Pharma,
DAC,DAC.CO,Denmark,Danish Aerospace,
DAB,DAB.CO,Denmark,Danske Andelskassers,
DANSKE,DANSKE.CO,Denmark,Danske Bank,
DANT,DANT.CO,Denmark,Dantax,
DATA,DATA.CO,Denmark,Dataproces,
DEDI,DEDI.ST,Sweden,Dedicare,
DVD,DVD.OL,Norway,Deep Value Driller,
DELIA,DELIA.OL,Norway,Dellia Group,
DEMANT,DEMANT.CO,Denmark,Demant,
DSNO,DSNO.ST,Sweden,Desenio,
DSRT,DSRT.OL,Norway,Desert Control,
DETEC,DETEC.HE,Finland,Detection,
DEVP B,DEVP-B.ST,Sweden,DevPort,
DVYSR,DVYSR.ST,Sweden,Devyser Diagnostics,
DEX,DEX.ST,Sweden,DexTech Medical,
DFDS,DFDS.CO,Denmark,DFDS,
DIAH,DIAH.ST,Sweden,Diadrom,
DMYD B,DMYD-B.ST,Sweden,Diamyd Medical,
DICOT,DICOT.ST,Sweden,Dicot Pharma,
DIGIA,DIGIA.HE,Finland,Digia,
DWF,DWF.HE,Finland,Digital Workforce,
DIGIGR,DIGIGR.HE,Finland,Digitalist Group,
DIST,DIST.ST,Sweden,DistIT,
DMXSE SDB,DMXSESDB.ST,Sweden,District Metals,
DIV B,DIV-B.ST,Sweden,Dividend Sweden,
DIVIO B,DIVIO-B.ST,Sweden,Divio Technologies,
DIOS,DIOS.ST,Sweden,Diös Fastigheter,
DJUR,DJUR.CO,Denmark,Djurslands Bank,
DLAB,DLAB.ST,Sweden,Dlaboratory,
DNB,DNB.OL,Norway,DNB Bank,
DNO,DNO.OL,Norway,DNO,
DOFG,DOFG.OL,Norway,DOF Group,
DDRIL,DDRIL.OL,Norway,Dolphin Drilling,
DOM,DOM.ST,Sweden,Dometic,
DONE,DONE.ST,Sweden,Done.ai,
DONKEY,DONKEY.CO,Denmark,DonkeyRepublic,
DORO,DORO.ST,Sweden,Doro,
DBP B,DBP-B.ST,Sweden,Double Bond Pharma,
DOV1V,DOV1V.HE,Finland,Dovre,
DOXA,DOXA.ST,Sweden,Doxa,
DRIL,DRIL.ST,Sweden,Drillcon,
DSV,DSV.CO,Denmark,DSV,
DUELL,DUELL.HE,Finland,Duell,
DUG,DUG.ST,Sweden,Dug Foodtech,
DUNI,DUNI.ST,Sweden,Duni,
DURC B,DURC-B.ST,Sweden,Duroc,
DUST,DUST.ST,Sweden,Dustin Group,
DYVOX,DYVOX.ST,Sweden,Dynavox Group,
EAGLE,EAGLE.HE,Finland,Eagle Filters,
EAM,EAM.OL,Norway,EAM Solar,
EAST,EAST.ST,Sweden,Eastnine,
EASY B,EASY-B.ST,Sweden,EasyFill,
EATG,EATG.ST,Sweden,EatGood,
ECC B,ECC-B.ST,Sweden,Ecoclime,
ECOMB,ECOMB.ST,Sweden,ECOMB,
ECO B,ECO-B.ST,Sweden,EcoRub,
ECOUP,ECOUP.HE,Finland,EcoUp,
EDYOU,EDYOU.ST,Sweden,Edyoutec,
ALBERT,ALBERT.ST,Sweden,eEducation Albert,
EEZY,EEZY.HE,Finland,Eezy,
EFFH,EFFH.ST,Sweden,Effnetplattformen,
EGTX,EGTX.ST,Sweden,Egetis Therapeutics,
EGNETY,EGNETY.CO,Denmark,EgnsINVEST,
EIOF,EIOF.OL,Norway,Eidesvik Offshore,
ELAN B,ELAN-B.ST,Sweden,Elanders,
ELEAV,ELEAV.HE,Finland,Elecster,
SX651010PI,SX651010PI.ST,Sweden,Electricity,
ELUX A,ELUX-A.ST,Sweden,Electrolux A,
ELUX B,ELUX-B.ST,Sweden,Electrolux B,
EPRO B,EPRO-B.ST,Sweden,Electrolux Professional B,
EMGS,EMGS.OL,Norway,Electromagnetic Geoservices,
SX502020PI,SX502020PI.ST,Sweden,Electronic Equipment,
EKTA B,EKTA-B.ST,Sweden,Elekta,
ELIMP,ELIMP.OL,Norway,Elektroimportoren,
ELIC,ELIC.ST,Sweden,Elicera Therapeutics,
ELISA,ELISA.HE,Finland,Elisa,
ELK,ELK.OL,Norway,Elkem,
ELABS,ELABS.OL,Norway,Elliptic Laboratories,
ELMRA,ELMRA.OL,Norway,Elmera,
ELON,ELON.ST,Sweden,Elon,
ELO,ELO.OL,Norway,Elopak,
ELTEL,ELTEL.ST,Sweden,Eltel,
EMB,EMB.ST,Sweden,EMB Mission Bound,
EMART,EMART.ST,Sweden,EmbeddedArt,
EMBELL,EMBELL.ST,Sweden,Embellence,
EMBLA,EMBLA.CO,Denmark,Embla Medical,
EMBRAC B,EMBRAC-B.ST,Sweden,Embracer,
EG7,EG7.ST,Sweden,Enad Global 7,
PAMPALO,PAMPALO.HE,Finland,Endomines Finland,
ENDUR,ENDUR.OL,Norway,Endur,
ENEA,ENEA.ST,Sweden,Enea,
ENENTO,ENENTO.HE,Finland,Enento,
ENERG,ENERG.OL,Norway,Energeia,
ESENSE,ESENSE.HE,Finland,Enersense,
ENERS,ENERS.ST,Sweden,Enersize,
ENGCON B,ENGCON-B.ST,Sweden,Engcon,
ENRO,ENRO.ST,Sweden,Eniro,
ENITY,ENITY.ST,Sweden,Enity,
ESG,ESG.CO,Denmark,Ennogie Solar,
ERMA,ERMA.ST,Sweden,Enorama Pharma,
ENRAD,ENRAD.ST,Sweden,Enrad,
ENSU,ENSU.OL,Norway,Ensurge Micropower,
ENTRA,ENTRA.OL,Norway,Entra,
ENVAR,ENVAR.ST,Sweden,Envar,
ENVIP,ENVIP.OL,Norway,Envipco,
ENVI B,ENVI-B.ST,Sweden,Envirologic,
ENZY,ENZY.ST,Sweden,Enzymatica,
EOLU B,EOLU-B.ST,Sweden,Eolus,
EPEN,EPEN.ST,Sweden,Ependion,
EPI A,EPI-A.ST,Sweden,Epiroc A,
EPI B,EPI-B.ST,Sweden,Epiroc B,
EPIS B,EPIS-B.ST,Sweden,Episurf Medical,
EQV1V,EQV1V.HE,Finland,eQ Oyj,
EQL,EQL.ST,Sweden,EQL Pharma,
EQT,EQT.ST,Sweden,EQT,
EQNR,EQNR.OL,Norway,Equinor,
EQVA,EQVA.OL,Norway,EQVA,
ERIC A,ERIC-A.ST,Sweden,Ericsson A,
ERIC B,ERIC-B.ST,Sweden,Ericsson B,
ERRIA,ERRIA.CO,Denmark,Erria,
ESGR B,ESGR-B.ST,Sweden,ES Energy Save,
ESSITY A,ESSITY-A.ST,Sweden,Essity A,
ESSITY B,ESSITY-B.ST,Sweden,Essity B,
ETTE,ETTE.HE,Finland,Etteplan,
BAT,BAT.ST,Sweden,Eurobattery Minerals,
EPR,EPR.OL,Norway,Europris,
EVLI,EVLI.HE,Finland,Evli,
EVO,EVO.ST,Sweden,Evolution,
EWRK,EWRK.ST,Sweden,eWork,
EXTX,EXTX.OL,Norway,EXACT Therapeutics,
EXALT,EXALT.ST,Sweden,Exalt,
EXL1V,EXL1V.HE,Finland,Exel Composites,
EXPRS2,EXPRS2.ST,Sweden,ExpreS2ion Biotech,
EXS,EXS.ST,Sweden,Exsitec,
EYEW,EYEW.ST,Sweden,Eye World,
FABG,FABG.ST,Sweden,Fabege,
FABLE,FABLE.ST,Sweden,Fable Media,
FAG,FAG.ST,Sweden,Fagerhult,
FARON,FARON.HE,Finland,Faron Pharmaceuticals,
FG,FG.ST,Sweden,Fasadgruppen,
BALD B,BALD-B.ST,Sweden,Fast Balder,
FED,FED.CO,Denmark,Fast Ejendom,
FASTAT,FASTAT.ST,Sweden,Fastator,
EMIL PREF,EMILPREF.ST,Sweden,Fastighetsbolag Emilshus Pref,
EMIL B,EMIL-B.ST,Sweden,Fastighetsbolaget Emilshus,
FPAR A,FPAR-A.ST,Sweden,Fastpartner A,
FPAR D,FPAR-D.ST,Sweden,Fastpartner D,
FASTPC,FASTPC.CO,Denmark,FastPassCorp,
FOI B,FOI-B.ST,Sweden,Fenix Outdoor,
FERRO,FERRO.ST,Sweden,Ferroamp,
FNM,FNM.ST,Sweden,Ferronordic,
SX302010PI,SX302010PI.ST,Sweden,Finance & Credit Services,
SX3020PI,SX3020PI.ST,Sweden,Financial Services,
FINE,FINE.ST,Sweden,Finepart,
FING B,FING-B.ST,Sweden,Fingerprint Cards,
FIA1S,FIA1S.HE,Finland,Finnair,
FIRE,FIRE.ST,Sweden,Firefly,
FNMC SDB,FNMCSDB.ST,Sweden,First Nordic Metals,
FIRSTNORTHSEK,FIRSTNORTHSEK.ST,Sweden,First North All,
FIRST B,FIRST-B.ST,Sweden,First Venture,
FFARMS,FFARMS.CO,Denmark,FirstFarms,
FSKRS,FSKRS.HE,Finland,Fiskars,
DFENS,DFENS.OL,Norway,Fjord Defence Group,
FLAT B,FLAT-B.ST,Sweden,Flat Capital,
FFSB,FFSB.OL,Norway,Flekkefjord Sparebank,
FLMNG,FLMNG.ST,Sweden,Fleming Properties,
FLERIE,FLERIE.ST,Sweden,Flerie,
FLEXM,FLEXM.ST,Sweden,Flexion Mobile,
FLEXQ,FLEXQ.ST,Sweden,Flexqube,
FLOWS,FLOWS.ST,Sweden,Flowscape,
FLS,FLS.CO,Denmark,FLSmidth & Co.,
FLUG B,FLUG-B.CO,Denmark,Flugger,
FLUI,FLUI.ST,Sweden,Fluicell,
FLUO,FLUO.ST,Sweden,FluoGuide,
FMM B,FMM-B.ST,Sweden,FM Mattsson,
FOAMIT,FOAMIT.HE,Finland,Foamit,
FODELIA,FODELIA.HE,Finland,Fodelia,
FOM,FOM.CO,Denmark,Fom Technologies,
FONDIA,FONDIA.HE,Finland,Fondia,
SX4510PI,SX4510PI.ST,Sweden,Food & Beverage,
SX451020PI,SX451020PI.ST,Sweden,Food Producers,
FPIP,FPIP.ST,Sweden,Formpipe Software,
FOBANK,FOBANK.CO,Denmark,Foroya Banki,
FNOVA B,FNOVA-B.ST,Sweden,Fortinova,
FORTUM,FORTUM.HE,Finland,Fortum,
FRACTL,FRACTL.ST,Sweden,Fractal Gaming,
FRAG,FRAG.ST,Sweden,Fragbite,
FRAM B,FRAM-B.ST,Sweden,Fram Skandinavien,
FRAMERY,FRAMERY.HE,Finland,Framery Group,
F2M,F2M.ST,Sweden,Free2Move,
FREEM,FREEM.ST,Sweden,Freemelt,
FREETR,FREETR.CO,Denmark,Freetrailer,
FREJA,FREJA.ST,Sweden,Freja eID,
FRILAN,FRILAN.ST,Sweden,Frilans,
FRNT B,FRNT-B.ST,Sweden,Front Ventures,
FRO,FRO.OL,Norway,Frontline,
FRWA B,FRWA-B.ST,Sweden,Frontwalker,
FSECURE,FSECURE.HE,Finland,F-Secure,
FSPORT,FSPORT.ST,Sweden,FSport,
FXI,FXI.ST,Sweden,FX International,
FYNBK,FYNBK.CO,Denmark,Fynske Bank,
G5EN,G5EN.ST,Sweden,G5 Entertainment,
GABA,GABA.ST,Sweden,Gabather,
GABR,GABR.CO,Denmark,Gabriel Holding,
THRILL,THRILL.ST,Sweden,Gamethrill,
GCOR,GCOR.ST,Sweden,Gaming Corps,
GAPW B,GAPW-B.ST,Sweden,Gapwaves,
GARO,GARO.ST,Sweden,Garo,
GARPCO B,GARPCO-B.ST,Sweden,Garpco,
GPX,GPX.ST,Sweden,Gasporox,
SX502030PI,SX502030PI.ST,Sweden,General Industrials,
GENI,GENI.ST,Sweden,Generic Sweden,
GEAN,GEAN.OL,Norway,Genetic Analysis,
GMAB,GMAB.CO,Denmark,Genmab,
GPG,GPG.ST,Sweden,Genova Property,
GENO,GENO.ST,Sweden,Genovis,
GENT,GENT.OL,Norway,Gentian Diagnostics,
G2M,G2M.ST,Sweden,Gentoo Media,
GERHSP,GERHSP.CO,Denmark,German High Street,
GETI B,GETI-B.ST,Sweden,Getinge,
GIG SDB,GIGSDB.ST,Sweden,GiG Software,
GIGA,GIGA.OL,Norway,Gigante Salmon,
GIGA,GIGA.ST,Sweden,Gigasun,
GJF,GJF.OL,Norway,Gjensidige Forsikring,
GLA1V,GLA1V.HE,Finland,Glaston,
GJ,GJ.CO,Denmark,Glunz & Jensen,
GTAB B,GTAB-B.ST,Sweden,Glycorex Transplantation,
GN,GN.CO,Denmark,GN Store Nord,
GOFORE,GOFORE.HE,Finland,Gofore,
GTG,GTG.ST,Sweden,Gold Town Games,
GEOS,GEOS.OL,Norway,Golden Energy Offshore,
GOMERO,GOMERO.ST,Sweden,Gomero Group,
GOMX,GOMX.ST,Sweden,GomSpace,
BTCX,BTCX.ST,Sweden,Goobit Group,
GBK,GBK.ST,Sweden,Goodbye Kansas,
GOD,GOD.OL,Norway,Goodtech,
GOSOL,GOSOL.ST,Sweden,Gosol Energy,
GOTL A,GOTL-A.ST,Sweden,Gotlandsbolaget A,
GOTL B,GOTL-B.ST,Sweden,Gotlandsbolaget B,
GRANGX,GRANGX.ST,Sweden,Grangex,
GREAT,GREAT.ST,Sweden,Greater Than,
GREEN,GREEN.ST,Sweden,Green Landscaping,
GEM,GEM.OL,Norway,Green Minerals,
GMERC B,GMERC-B.ST,Sweden,Greenmerc,
GREENM,GREENM.CO,Denmark,GreenMobility,
GSF,GSF.OL,Norway,Grieg Seafood,
GRK,GRK.HE,Finland,GRK Infra,
GRONG,GRONG.OL,Norway,Grong Sparebank,
VISC,VISC.ST,Sweden,Gruvaktiebolaget Viscaria,
GRNG,GRNG.ST,Sweden,Gränges,
GRLA,GRLA.CO,Denmark,Grönlandsbanken,
GUARD,GUARD.ST,Sweden,Guard Therapeutics,
GUBRA,GUBRA.CO,Denmark,Gubra,
GGEO,GGEO.ST,Sweden,Guideline Geo,
GULD,GULD.ST,Sweden,Guldbrev,
GJAB,GJAB.ST,Sweden,Gullberg & Jansson,
GYL,GYL.OL,Norway,Gyldendal,
GYLD A,GYLD-A.CO,Denmark,Gyldendal A,
GYLD B,GYLD-B.CO,Denmark,Gyldendal B,
HLUN A,HLUN-A.CO,Denmark,H. Lundbeck A,
HLUN B,HLUN-B.CO,Denmark,H. Lundbeck B,
H100,H100.ST,Sweden,H100 Group,
HACK,HACK.ST,Sweden,Hacksaw,
HAFNI,HAFNI.OL,Norway,Hafnia Limited,
HAKI A,HAKI-A.ST,Sweden,HAKI Safety A,
HAKI B,HAKI-B.ST,Sweden,HAKI Safety B,
HAMLET B,HAMLET-B.ST,Sweden,Hamlet BioPharma,
SHB A,SHB-A.ST,Sweden,Handelsbanken A,
SHB B,SHB-B.ST,Sweden,Handelsbanken B,
HNSA,HNSA.ST,Sweden,Hansa Biopharma,
HANZA,HANZA.ST,Sweden,Hanza,
HARB B,HARB-B.CO,Denmark,Harboes Bryggeri,
HARVIA,HARVIA.HE,Finland,Harvia,
HGSB,HGSB.OL,Norway,Haugesund Sparebank,
HAV,HAV.OL,Norway,Hav Group,
HKY,HKY.OL,Norway,Havila Kystruten,
HAVI,HAVI.OL,Norway,Havila Shipping,
HAV B,HAV-B.ST,Sweden,Havsfrun Investment,
HAYPP,HAYPP.ST,Sweden,Haypp Group,
SX201010PI,SX201010PI.ST,Sweden,Health Care Providers,
HEBA B,HEBA-B.ST,Sweden,Heba,
HEGR,HEGR.ST,Sweden,Hedera,
HEIM PREF,HEIMPREF.ST,Sweden,Heimstaden Pref,
HELIO,HELIO.ST,Sweden,Heliospectra,
HEM,HEM.ST,Sweden,Hemnet,
HMPLY,HMPLY.ST,Sweden,Hemply Balance,
HM B,HM-B.ST,Sweden,Hennes & Mauritz,
HRTIS,HRTIS.HE,Finland,Herantis Pharma,
HERMA,HERMA.OL,Norway,Hermana Holding,
HERNO B,HERNO-B.ST,Sweden,Hernö Gin,
HEXA B,HEXA-B.ST,Sweden,Hexagon,
HEX,HEX.OL,Norway,Hexagon Composites,
HPUR,HPUR.OL,Norway,Hexagon Purus,
HTRO,HTRO.ST,Sweden,Hexatronic,
HEXI,HEXI.ST,Sweden,Hexicon,
HPOL B,HPOL-B.ST,Sweden,Hexpol,
HFRTO B,HFRTO-B.ST,Sweden,HF Reverse,
HH,HH.CO,Denmark,HH International,
HIAB,HIAB.HE,Finland,Hiab,
HIGHCO B,HIGHCO-B.ST,Sweden,High Coast Distillery,
HILB B,HILB-B.ST,Sweden,Hilbert Group,
HSHP,HSHP.OL,Norway,Himalaya Shipping,
HKFOODS,HKFOODS.HE,Finland,HKFoods,
HMS,HMS.ST,Sweden,HMS Networks,
HBC,HBC.OL,Norway,Hofseth BioCare,
HOFI,HOFI.ST,Sweden,Hoist Finance,
HSPG,HSPG.OL,Norway,Holand Og Setskog Sparebank,
HOLDFL,HOLDFL.ST,Sweden,Holdflight,
HOLM A,HOLM-A.ST,Sweden,Holmen A,
HOLM B,HOLM-B.ST,Sweden,Holmen B,
HOME B,HOME-B.ST,Sweden,HomeMaid,
HONBS,HONBS.HE,Finland,Honkarakenne,
HOODIN,HOODIN.ST,Sweden,Hoodin,
HRGI,HRGI.OL,Norway,Horisont Energi,
HOTEL,HOTEL.ST,Sweden,Hotel Fast,
SX402020PI,SX402020PI.ST,Sweden,Household Goods,
HOVE,HOVE.CO,Denmark,Hove,
HUDL,HUDL.OL,Norway,Huddlestock Fintech,
HDLY,HDLY.OL,Norway,Huddly,
HUFV A,HUFV-A.ST,Sweden,Hufvudstaden A,
HUH1V,HUH1V.HE,Finland,Huhtamäki,
HULT B,HULT-B.ST,Sweden,Hultström,
HUM,HUM.ST,Sweden,Humana,
HUMBLE,HUMBLE.ST,Sweden,Humble Group,
HUNTER,HUNTER.ST,Sweden,Hunter Capital,
HUNT,HUNT.OL,Norway,Hunter Group,
HUSCO,HUSCO.CO,Denmark,HusCompagniet,
HUSQ A,HUSQ-A.ST,Sweden,Husqvarna A,
HUSQ B,HUSQ-B.ST,Sweden,Husqvarna B,
HVID,HVID.CO,Denmark,Hvidbjerg Bank,
HYCO,HYCO.ST,Sweden,Hybricon,
HYPRO,HYPRO.OL,Norway,HydrogenPro,
HYN,HYN.OL,Norway,Hynion,
HAUTO,HAUTO.OL,Norway,Höegh Autoliners,
LOVE B,LOVE-B.ST,Sweden,I Love Lund,
ISLAX,ISLAX.OL,Norway,Icelandic Salmon,
ICO,ICO.ST,Sweden,Iconovo,
IDEX,IDEX.OL,Norway,IDEX Biometrics,
IDLDX,IDLDX.ST,Sweden,IDL Diagnostics,
IDUN B,IDUN-B.ST,Sweden,Idun Industrier,
ABI,ABI.ST,Sweden,Igrene,
ILKKA1,ILKKA1.HE,Finland,Ilkka 1,
ILKKA2,ILKKA2.HE,Finland,Ilkka 2,
IS,IS.ST,Sweden,Image Systems,
IMHO B,IMHO-B.ST,Sweden,IMHO Intermedia House,
IMMNOV,IMMNOV.ST,Sweden,Immunovia,
IMPC,IMPC.ST,Sweden,Impact Coatings,
IMPERO,IMPERO.CO,Denmark,Impero,
IMP A SDB,IMPASDB.ST,Sweden,Implantica,
ICP1V,ICP1V.HE,Finland,Incap,
INCOAX,INCOAX.ST,Sweden,InCoax Networks,
INDERES,INDERES.HE,Finland,Inderes,
INDCT,INDCT.OL,Norway,Induct,
SX502040PI,SX502040PI.ST,Sweden,Industrial Engineering,
SX5020PI,SX5020PI.ST,Sweden,Industrial Goods & Services,
SX551010PI,SX551010PI.ST,Sweden,Industrial Materials,
SX551020PI,SX551020PI.ST,Sweden,Industrial Metals & Mining,
SX502050PI,SX502050PI.ST,Sweden,Industrial Support Services,
SX502060PI,SX502060PI.ST,Sweden,Industrial Transportation,
INDU A,INDU-A.ST,Sweden,Industrivärden A,
INDU C,INDU-C.ST,Sweden,Industrivärden C,
INDT,INDT.ST,Sweden,Indutrade,
IBT B,IBT-B.ST,Sweden,Infant Bacterial,
INFRA,INFRA.ST,Sweden,Infracom,
INFREA,INFREA.ST,Sweden,Infrea,
ISAB,ISAB.ST,Sweden,Inhalation Sciences,
INIFY,INIFY.OL,Norway,Inify Laboratories,
ININ,ININ.OL,Norway,ININ Group,
INISS B,INISS-B.ST,Sweden,Inission,
INIT,INIT.ST,Sweden,Initiator Pharma,
INSP,INSP.ST,Sweden,Insplorion,
INSTA,INSTA.OL,Norway,Instabank,
INSTAL,INSTAL.ST,Sweden,Instalco,
SX3030PI,SX3030PI.ST,Sweden,Insurance,
INTEA B,INTEA-B.ST,Sweden,Intea Fastigheter B,
INTEA D,INTEA-D.ST,Sweden,Intea Fastigheter D,
IWS,IWS.OL,Norway,Integrated Wind,
INTEG B,INTEG-B.ST,Sweden,Integrum,
INT,INT.ST,Sweden,Intellego Technologies,
IPCO,IPCO.ST,Sweden,International Petroleum,
IOX,IOX.OL,Norway,InterOil Exploration,
IVACC,IVACC.ST,Sweden,Intervacc,
INTRUM,INTRUM.ST,Sweden,Intrum,
IMS,IMS.ST,Sweden,Invent Medic,
SX302020PI,SX302020PI.ST,Sweden,Investment Banking,
INVE A,INVE-A.ST,Sweden,Investor A,
INVE B,INVE-B.ST,Sweden,Investor B,
INVEST,INVEST.HE,Finland,Investors House,
INWI,INWI.ST,Sweden,Inwido,
IVSO,IVSO.ST,Sweden,Invisio,
IRIS,IRIS.ST,Sweden,Irisity,
IRLAB A,IRLAB-A.ST,Sweden,IRLAB Therapeutics,
ISOFOL,ISOFOL.ST,Sweden,Isofol Medical,
ISS,ISS.CO,Denmark,ISS,
ITAB,ITAB.ST,Sweden,ITAB Shop Concept,
ITECH,ITECH.ST,Sweden,I-Tech,
ITERA,ITERA.OL,Norway,Itera,
IZAFE B,IZAFE-B.ST,Sweden,iZafe,
JAREN,JAREN.OL,Norway,Jaeren Sparebank,
JDAN,JDAN.CO,Denmark,Jeudan,
JIN,JIN.OL,Norway,Jinhui Shipping,
JLT,JLT.ST,Sweden,JLT Mobile,
JM,JM.ST,Sweden,JM,
JOMA,JOMA.ST,Sweden,John Mattson,
JDT,JDT.ST,Sweden,JonDeTech Sensors,
GATE,GATE.ST,Sweden,Jumpgate,
JYSK,JYSK.CO,Denmark,Jyske Bank,
K2A B,K2A-B.ST,Sweden,K2A,
K2A PREF,K2APREF.ST,Sweden,K2A Knaust & Andersson Pref,
K33,K33.ST,Sweden,K33,
KABE B,KABE-B.ST,Sweden,Kabe,
KAKEL,KAKEL.ST,Sweden,Kakel Max,
KLDVK,KLDVK.OL,Norway,Kaldvik,
KAPIAB,KAPIAB.ST,Sweden,Kallebäck Property,
KALMAR,KALMAR.HE,Finland,Kalmar,
KAMBI,KAMBI.ST,Sweden,Kambi,
KAMUX,KAMUX.HE,Finland,Kamux,
KARNEL B,KARNEL-B.ST,Sweden,Karnell Group,
KAR,KAR.ST,Sweden,Karnov,
KDEV,KDEV.ST,Sweden,Karolinska Development,
KAV,KAV.ST,Sweden,Katalysen Ventures,
KBC,KBC.ST,Sweden,KB Components,
KEBNI B,KEBNI-B.ST,Sweden,KebNi,
KEMIRA,KEMIRA.HE,Finland,Kemira,
KEMPOWR,KEMPOWR.HE,Finland,Kempower,
KENH,KENH.ST,Sweden,Kentima,
KSL,KSL.HE,Finland,Keskisuomalainen,
KESKOA,KESKOA.HE,Finland,Kesko A,
KESKOB,KESKOB.HE,Finland,Kesko B,
KELAS,KELAS.HE,Finland,Kesla,
KFAST B,KFAST-B.ST,Sweden,K-Fast Holding,
KHG,KHG.HE,Finland,KH Group,
KID,KID.OL,Norway,Kid,
BRAVE,BRAVE.ST,Sweden,Kinda Brave,
KINV A,KINV-A.ST,Sweden,Kinnevik A,
KINV B,KINV-B.ST,Sweden,Kinnevik B,
KIT,KIT.OL,Norway,Kitron,
KJELL,KJELL.ST,Sweden,Kjell Group,
KLARA B,KLARA-B.ST,Sweden,KlaraBo,
KLAR,KLAR.ST,Sweden,Klaria Pharma,
KCC,KCC.OL,Norway,Klaveness Combination,
KLIMAT,KLIMAT.ST,Sweden,Klimator,
KMCP,KMCP.OL,Norway,KMC Properties,
KNOW,KNOW.ST,Sweden,KnowIT,
KBHL,KBHL.CO,Denmark,Kobenhavns Lufthavne,
KOJAMO,KOJAMO.HE,Finland,Kojamo,
KOMPL,KOMPL.OL,Norway,Komplett,
KNEBV,KNEBV.HE,Finland,KONE,
KCR,KCR.HE,Finland,Konecranes,
KOA,KOA.OL,Norway,Kongsberg Automotive,
KOG,KOG.OL,Norway,Kongsberg Gruppen,
KONSOL,KONSOL.CO,Denmark,Konsolidator,
KONT,KONT.ST,Sweden,Kontigo Care,
KOBR B,KOBR-B.ST,Sweden,Kopparbergs,
KOSKI,KOSKI.HE,Finland,Koskisen,
KRAB,KRAB.OL,Norway,Kraft Bank,
KREATE,KREATE.HE,Finland,Kreate Group,
KRE,KRE.CO,Denmark,Kreditbanken,
KRONA,KRONA.ST,Sweden,Krona Public Real Estate,
KVIX,KVIX.ST,Sweden,Kvix,
LAGR B,LAGR-B.ST,Sweden,Lagercrantz,
LAMM B,LAMM-B.ST,Sweden,Lammhults Design,
LAMOR,LAMOR.HE,Finland,Lamor,
LGOLD B,LGOLD-B.ST,Sweden,Lappland Guldprospektering,
LAPWALL,LAPWALL.HE,Finland,LapWall,
LAT1V,LAT1V.HE,Finland,Lassila & Tikanoja,
LATO B,LATO-B.ST,Sweden,Latour,
LATF B,LATF-B.ST,Sweden,Latvian Forest,
LEA,LEA.ST,Sweden,Lea Bank,
LEADD,LEADD.HE,Finland,LeadDesk,
LEMSE,LEMSE.ST,Sweden,Leading Edge Materials,
LEDIBOND,LEDIBOND.CO,Denmark,LED iBond,
LEHTO,LEHTO.HE,Finland,Lehto Group,
SX402030PI,SX402030PI.ST,Sweden,Leisure Goods,
LEMON,LEMON.HE,Finland,Lemonsoft,
LSG,LSG.OL,Norway,Leroy Seafood,
LEVBIO,LEVBIO.ST,Sweden,Level Bio,
LIDDS,LIDDS.ST,Sweden,LIDDS,
LIFCO B,LIFCO-B.ST,Sweden,Lifco,
LIFE,LIFE.OL,Norway,Lifecare,
LCLEAN,LCLEAN.ST,Sweden,Lifeclean,
LAIR,LAIR.ST,Sweden,LightAir,
LIGR,LIGR.ST,Sweden,Lightning Group,
LIME,LIME.ST,Sweden,Lime Technologies,
LINC,LINC.ST,Sweden,Linc,
LIAB,LIAB.ST,Sweden,Lindab,
LINDEX,LINDEX.HE,Finland,Lindex Group,
LINK,LINK.OL,Norway,Link Mobility,
LINKAB,LINKAB.ST,Sweden,Link Prop,
LPGO,LPGO.ST,Sweden,Lipigon Pharmaceuticals,
LIPUM,LIPUM.ST,Sweden,Lipum,
LITI,LITI.ST,Sweden,Litium,
LNFI,LNFI.ST,Sweden,LN Future Invest,
LOGI A,LOGI-A.ST,Sweden,Logistea A,
LOGI B,LOGI-B.ST,Sweden,Logistea B,
LOGIST A,LOGIST-A.ST,Sweden,Logistri A,
LOGIST B,LOGIST-B.ST,Sweden,Logistri B,
LOHILO,LOHILO.ST,Sweden,Lohilo Foods,
LOIHDE,LOIHDE.HE,Finland,Loihde,
LOKO,LOKO.OL,Norway,Lokotech,
LOLB,LOLB.CO,Denmark,Lollands Bank,
LOOMIS,LOOMIS.ST,Sweden,Loomis,
LOVI,LOVI.ST,Sweden,Lovisagruvan,
LOYAL,LOYAL.ST,Sweden,Loyal Solutions,
LUC,LUC.ST,Sweden,Lucara Diamond,
LUMEN,LUMEN.ST,Sweden,LumenRadio,
LUMI,LUMI.OL,Norway,Lumi Gruppen,
LUMITO,LUMITO.ST,Sweden,Lumito,
LUND B,LUND-B.ST,Sweden,Lundbergföretagen,
LUG,LUG.ST,Sweden,Lundin Gold,
LUMI,LUMI.ST,Sweden,Lundin Mining,
LXB,LXB.ST,Sweden,Luxbright,
LUXOR B,LUXOR-B.CO,Denmark,Luxor,
LYGRD,LYGRD.ST,Sweden,Lyckegård,
LYKO A,LYKO-A.ST,Sweden,Lyko,
LYTIX,LYTIX.OL,Norway,Lytix Biopharma,
LASP,LASP.CO,Denmark,Lån og Spar Bank,
LARK,LARK.ST,Sweden,Lärkberget,
MVW,MVW.OL,Norway,M Vest Water,
MAGI,MAGI.ST,Sweden,MAG Interactive,
MAGLE,MAGLE.ST,Sweden,Magle Chemoswed,
MGN,MGN.OL,Norway,Magnora,
MAHA A,MAHA-A.ST,Sweden,Maha Capital,
MAHVIE,MAHVIE.ST,Sweden,Mahvie Minerals,
MEAB B,MEAB-B.ST,Sweden,Malmbergs Elektriska,
MANTA,MANTA.HE,Finland,Mandatum,
MANG,MANG.ST,Sweden,Mangold,
MANTEX,MANTEX.ST,Sweden,Mantex,
MEKKO,MEKKO.HE,Finland,Marimekko,
MARAS,MARAS.HE,Finland,Martela,
MASHUP,MASHUP.ST,Sweden,Mashup Ireland,
MATAS,MATAS.CO,Denmark,Matas,
MVE,MVE.OL,Norway,MatvareExpressen,
MAVEN,MAVEN.ST,Sweden,Maven Wireless,
MAV,MAV.ST,Sweden,Mavshack,
MAXENT B,MAXENT-B.ST,Sweden,Maximum Entertainment,
MDUNDO,MDUNDO.CO,Denmark,Mdundo.com,
MCAP,MCAP.ST,Sweden,MedCap,
MCLR,MCLR.ST,Sweden,Medclair,
SX4030PI,SX4030PI.ST,Sweden,Media,
MEGR,MEGR.ST,Sweden,Mediacle,
SX201020PI,SX201020PI.ST,Sweden,Medical Equipment,
MCOV B,MCOV-B.ST,Sweden,Medicover,
MEDI,MEDI.OL,Norway,Medistim,
MVIR,MVIR.ST,Sweden,Medivir,
MEDS,MEDS.ST,Sweden,Meds Apotek,
MEKO,MEKO.ST,Sweden,MEKO,
MELG,MELG.OL,Norway,Melhus Sparebank,
MENDO,MENDO.CO,Denmark,Mendole,
IMMU,IMMU.ST,Sweden,Mendus,
MNTC,MNTC.ST,Sweden,Mentice,
MER,MER.ST,Sweden,Meren Energy,
MERUS,MERUS.HE,Finland,Merus Power,
META,META.ST,Sweden,Metacon,
METSO,METSO.HE,Finland,Metso,
METSA,METSA.HE,Finland,Metsä Board A,
METSB,METSB.HE,Finland,Metsä Board B,
MSAB B,MSAB-B.ST,Sweden,Micro Systemation,
MPOS,MPOS.ST,Sweden,Micropos Medical,
MSON A,MSON-A.ST,Sweden,Midsona A,
MSON B,MSON-B.ST,Sweden,Midsona B,
MIDS,MIDS.ST,Sweden,Midsummer,
MILDEF,MILDEF.ST,Sweden,Mildef Group,
MNDRK,MNDRK.ST,Sweden,MindArk,
MINEST,MINEST.ST,Sweden,Minesto,
MIPS,MIPS.ST,Sweden,Mips,
MIR,MIR.ST,Sweden,Miris,
MOBA,MOBA.ST,Sweden,MOBA Network,
MOB,MOB.ST,Sweden,Moberg Pharma,
MODEL,MODEL.ST,Sweden,Modelon,
MTG A,MTG-A.ST,Sweden,Modern Times Group A,
MTG B,MTG-B.ST,Sweden,Modern Times Group B,
MODU,MODU.HE,Finland,Modulight,
MODTX,MODTX.ST,Sweden,Modus Therapeutics,
MOFAST,MOFAST.ST,Sweden,Mofast,
MOMENT,MOMENT.ST,Sweden,Moment Group,
MMGR B,MMGR-B.ST,Sweden,Momentum Group,
MONI,MONI.ST,Sweden,Monivent,
MNBA,MNBA.CO,Denmark,Mons Bank,
MONSO,MONSO.CO,Denmark,Monsenso,
MORLD,MORLD.OL,Norway,Moreld,
MOBA,MOBA.OL,Norway,Morrow Bank,
MBBAB,MBBAB.ST,Sweden,MoveByBike,
MOWI,MOWI.OL,Norway,Mowi,
MOVINN,MOVINN.CO,Denmark,Movinn,
MPCC,MPCC.OL,Norway,MPC Container Ships,
MPCES,MPCES.OL,Norway,MPC Energy Solutions,
MRSELL,MRSELL.ST,Sweden,mResell,
MTHH,MTHH.CO,Denmark,MT Hojgaard B,
MTI,MTI.ST,Sweden,MTI Investment,
MULTI,MULTI.OL,Norway,Multiconsult,
MTRS,MTRS.ST,Sweden,Munters,
MUSTI,MUSTI.HE,Finland,Musti Group,
MYBEAT,MYBEAT.ST,Sweden,My Beat,
MYCR,MYCR.ST,Sweden,Mycronic,
SAFETY B,SAFETY-B.ST,Sweden,mySafety,
MAS,MAS.OL,Norway,Måsoval,
NANEXA,NANEXA.ST,Sweden,Nanexa,
NANOC B,NANOC-B.ST,Sweden,NanoCap,
NANECH,NANECH.ST,Sweden,NanoEcho,
NANOFS,NANOFS.ST,Sweden,Nanoform,
NANOFH,NANOFH.HE,Finland,Nanoform,
NICA,NICA.ST,Sweden,Nanologica,
NAPA,NAPA.OL,Norway,Napatech,
NATTA,NATTA.ST,Sweden,Nattaro Labs,
NAVA,NAVA.OL,Norway,Navamedic,
NAVIGO STAM,NAVIGOSTAM.ST,Sweden,Navigo Invest,
NAVIGO PREF,NAVIGOPREF.ST,Sweden,Navigo Invest Pref,
NAXS,NAXS.ST,Sweden,NAXS,
NCAB,NCAB.ST,Sweden,NCAB Group,
NCC A,NCC-A.ST,Sweden,NCC A,
NCC B,NCC-B.ST,Sweden,NCC B,
NMAN,NMAN.ST,Sweden,Nederman,
NKR,NKR.OL,Norway,Nekkar,
NEL,NEL.OL,Norway,NEL,
NELLY,NELLY.ST,Sweden,Nelly Group,
NEOBO,NEOBO.ST,Sweden,Neobo Fastigheter,
NEOLA,NEOLA.ST,Sweden,Neola Medical,
NEO B,NEO-B.ST,Sweden,Neovici Holding B,
NEPA,NEPA.ST,Sweden,Nepa,
NESTE,NESTE.HE,Finland,Neste,
NETI B,NETI-B.ST,Sweden,Net Insight,
NETC,NETC.CO,Denmark,Netcompany Group,
NETEL,NETEL.ST,Sweden,Netel Holding,
NETUM,NETUM.HE,Finland,Netum,
NNH,NNH.ST,Sweden,New Nordic Healthbrands,
NEWA B,NEWA-B.ST,Sweden,New Wave,
NEWBRY,NEWBRY.ST,Sweden,Newbury Pharmaceuticals,
NEWCAP,NEWCAP.CO,Denmark,NewCap Holding,
NEXAM,NEXAM.ST,Sweden,Nexam Chemical,
NXAR,NXAR.ST,Sweden,Nexar Group,
NEXCOM,NEXCOM.CO,Denmark,Nexcom,
NXTMH,NXTMH.HE,Finland,Nexstim,
NEXT,NEXT.OL,Norway,NEXT Biometrics,
NXTCL,NXTCL.ST,Sweden,NextCell Pharma,
NFO,NFO.ST,Sweden,NFO Drives,
NGS,NGS.ST,Sweden,NGS Group,
NIBE B,NIBE-B.ST,Sweden,NIBE Industrier,
NICO,NICO.ST,Sweden,Nicoccino,
NISB,NISB.OL,Norway,Nidaros Sparebank,
NIDHOG,NIDHOG.ST,Sweden,Nidhogg Resources,
HEALTH,HEALTH.HE,Finland,Nightingale Health,
NLFSK,NLFSK.CO,Denmark,Nilfisk,
NILS,NILS.ST,Sweden,Nilsson Special Vehicles,
NIL B,NIL-B.ST,Sweden,Nilörngruppen,
BOAT,BOAT.ST,Sweden,Nimbus,
NITRO,NITRO.ST,Sweden,Nitro Games,
NIUTEC,NIUTEC.ST,Sweden,Niutech Group,
NIVI B,NIVI-B.ST,Sweden,Nivika Fastigheter,
NKT,NKT.CO,Denmark,NKT Holding,
NNIT,NNIT.CO,Denmark,NNIT,
NOBA,NOBA.ST,Sweden,NOBA Bank,
NOBI,NOBI.ST,Sweden,Nobia,
NODE,NODE.ST,Sweden,Nodebis Applications,
NOHO,NOHO.HE,Finland,NoHo Partners,
NOKIA SEK,NOKIASEK.ST,Sweden,Nokia,
NOKIA,NOKIA.HE,Finland,Nokia,
BEER,BEER.HE,Finland,Nokian Panimo,
TYRES,TYRES.HE,Finland,Nokian Renkaat,
NOLA B,NOLA-B.ST,Sweden,Nolato,
NORAM,NORAM.OL,Norway,Noram Drilling,
NORBT,NORBT.OL,Norway,Norbit,
NCOD,NCOD.OL,Norway,Norcod,
NORCO,NORCO.OL,Norway,Norconsult,
NORDIG,NORDIG.ST,Sweden,Nord Insuretech,
NDA SE,NDA-SE.ST,Sweden,Nordea Bank,
NDA FI,NDA-FI.HE,Finland,Nordea Bank,
NDA DK,NDA-DK.CO,Denmark,Nordea Bank,
NORDEN,NORDEN.ST,Sweden,Norden Estates,
NORDH,NORDH.OL,Norway,Nordhealth,
NOAP,NOAP.OL,Norway,Nordic Aqua Partners,
NOFIN,NOFIN.OL,Norway,Nordic Financials,
NFGAB,NFGAB.ST,Sweden,Nordic Flanges,
NOHAL,NOHAL.OL,Norway,Nordic Halibut,
NIO,NIO.ST,Sweden,Nordic Iron Ore,
LEVEL,LEVEL.ST,Sweden,Nordic LEVEL,
NOM,NOM.OL,Norway,Nordic Mining,
NOD,NOD.OL,Norway,Nordic Semiconductor,
NTG,NTG.OL,Norway,Nordic Technology,
NORB B,NORB-B.ST,Sweden,Nordisk Bergteknik,
NOTEK,NOTEK.ST,Sweden,Norditek,
SAVE,SAVE.ST,Sweden,Nordnet,
NREST,NREST.ST,Sweden,Nordrest,
NORION,NORION.ST,Sweden,Norion Bank,
NORRH,NORRH.HE,Finland,Norrhydro,
NORSE,NORSE.OL,Norway,Norse Atlantic,
NHY,NHY.OL,Norway,Norsk Hydro,
NTI,NTI.OL,Norway,Norsk Titanium,
NSKOG,NSKOG.OL,Norway,Norske Skog,
NORTH,NORTH.OL,Norway,North Energy,
NORTHM,NORTHM.CO,Denmark,North Media,
NBZ,NBZ.ST,Sweden,Northbaze,
CAPS,CAPS.ST,Sweden,Northern CapSek,
CAPS PREF,CAPSPREF.ST,Sweden,Northern CapSek Pref,
NOL,NOL.OL,Norway,Northern Ocean,
NAS,NAS.OL,Norway,Norwegian Air Shuttle,
NBX,NBX.OL,Norway,Norwegian Block Exchange,
NOSA,NOSA.ST,Sweden,Nosa Plugs,
NOSIUM B,NOSIUM-B.ST,Sweden,Nosium,
NOTE,NOTE.ST,Sweden,NOTE,
NOVKAN,NOVKAN.ST,Sweden,Novakand Pharma,
NOVO B,NOVO-B.CO,Denmark,Novo Nordisk,
NSIS B,NSIS-B.CO,Denmark,Novonesis,
NOWO,NOWO.ST,Sweden,Nowonomics,
NTEK B,NTEK-B.ST,Sweden,Novotek,
NOVU,NOVU.ST,Sweden,Novus,
NP3,NP3.ST,Sweden,NP3 Fastigheter,
NP3 PREF,NP3PREF.ST,Sweden,NP3 Fastigheter Pref,
NRC,NRC.OL,Norway,NRC Group,
NTG,NTG.CO,Denmark,NTG Nordic Transport,
NTR B,NTR-B.CO,Denmark,NTR Holding,
NLG1V,NLG1V.HE,Finland,Nurminen Logistics,
NYAB,NYAB.ST,Sweden,NYAB,
NYF,NYF.ST,Sweden,Nyfosa,
NYKD,NYKD.OL,Norway,Nykode Therapeutics,
OSEAX,OSEAX.OL,Norway,OB Oslo All,
OSE25GI,OSE25GI.OL,Norway,OB Oslo Consumer,
OSE40GI,OSE40GI.OL,Norway,OB Oslo Financials,
OSE35GI,OSE35GI.OL,Norway,OB Oslo Health,
OSE20GI,OSE20GI.OL,Norway,OB Oslo Industrial,
OSE10GI,OSE10GI.OL,Norway,OB Oslo Oil&Gas,
OSE30GI,OSE30GI.OL,Norway,OB Oslo Staples,
OSE45GI,OSE45GI.OL,Norway,OB Oslo Technology,
OSE55GI,OSE55GI.OL,Norway,OB Oslo Utilities,
OBDU B,OBDU-B.ST,Sweden,Obducat,
OBDU PREF B,OBDU-PREF-B.ST,Sweden,Obducat Pref,
OBSRV,OBSRV.OL,Norway,Observe Medical,
OBSE,OBSE.ST,Sweden,Observit,
OBX,OBX.OL,Norway,OBX Oslo,
OCEAN,OCEAN.OL,Norway,Ocean GeoLoop,
OSUN,OSUN.OL,Norway,Ocean Sun,
ODF,ODF.OL,Norway,Odfjell A,
ODFB,ODFB.OL,Norway,Odfjell B,
ODL,ODL.OL,Norway,Odfjell Drilling,
OTL,OTL.OL,Norway,Odfjell Technology,
ODI,ODI.ST,Sweden,ODI Pharma,
ODIN,ODIN.ST,Sweden,Odinwell,
OEM B,OEM-B.ST,Sweden,OEM International,
OGUN B,OGUN-B.ST,Sweden,Ogunsen,
SX601010PI,SX601010PI.ST,Sweden,Oil Gas & Coal,
OKEA,OKEA.OL,Norway,OKEA,
OET,OET.OL,Norway,Okeanis Eco Tankers,
OLT,OLT.OL,Norway,Olav Thon,
OLVAS,OLVAS.HE,Finland,Olvi,
OMASP,OMASP.HE,Finland,Oma Säästöpankki,
OMDA,OMDA.OL,Norway,OMDA,
OMXC20,OMXC20.CO,Denmark,OMX Copenhagen 20,
OMXC20GI,OMXC20GI.CO,Denmark,OMX Copenhagen 20 GI,
OMXC25,OMXC25.CO,Denmark,OMX Copenhagen 25,
OMXC25GI,OMXC25GI.CO,Denmark,OMX Copenhagen 25 GI,
OMXCGI,OMXCGI.CO,Denmark,OMX Copenhagen GI,
OMXCPI,OMXCPI.CO,Denmark,OMX Copenhagen PI,
OMXH15,OMXH15.HE,Finland,OMX Helsinki 15,
OMXH25,OMXH25.HE,Finland,OMX Helsinki 25,
OMXHGI,OMXHGI.HE,Finland,OMX Helsinki GI,
OMXHPI,OMXHPI.HE,Finland,OMX Helsinki PI,
OMXSLCPI,OMXSLCPI.ST,Sweden,OMX Large Cap,
OMXHLCPI,OMXHLCPI.HE,Finland,OMX Large Cap,
OMXCLCPI,OMXCLCPI.CO,Denmark,OMX Large Cap,
OMXSMCPI,OMXSMCPI.ST,Sweden,OMX Mid Cap,
OMXHMCPI,OMXHMCPI.HE,Finland,OMX Mid Cap,
OMXCMCPI,OMXCMCPI.CO,Denmark,OMX Mid Cap,
OMXN40,OMXN40.ST,Sweden,OMX Nordic 40,
OMXSSCPI,OMXSSCPI.ST,Sweden,OMX Small Cap,
OMXHSCPI,OMXHSCPI.HE,Finland,OMX Small Cap,
OMXCSCPI,OMXCSCPI.CO,Denmark,OMX Small Cap,
OMXS30,OMXS30.ST,Sweden,OMX Stockholm 30,
OMXS30GI,OMXS30GI.ST,Sweden,OMX Stockholm 30 GI,
OMXS50EW,OMXS50EW.ST,Sweden,OMX Stockholm 50 EW,
OMXS60PI,OMXS60PI.ST,Sweden,OMX Stockholm 60,
OMXS60,OMXS60.ST,Sweden,OMX Stockholm 60 GI,
OMXSGI,OMXSGI.ST,Sweden,OMX Stockholm GI,
OMXSPI,OMXSPI.ST,Sweden,OMX Stockholm PI,
CX8000PI,CX8000PI.CO,Denmark,OMXC Financials,
CX4000PI,CX4000PI.CO,Denmark,OMXC Health,
CX2000PI,CX2000PI.CO,Denmark,OMXC Industrial,
CX0001PI,CX0001PI.CO,Denmark,OMXC Oil&Gas,
CX9000PI,CX9000PI.CO,Denmark,OMXC Technology,
CX6000PI,CX6000PI.CO,Denmark,OMXC Telecom,
CX7000PI,CX7000PI.CO,Denmark,OMXC Utilities,
HX8000PI,HX8000PI.HE,Finland,OMXH Financials,
HX4000PI,HX4000PI.HE,Finland,OMXH Health,
HX2000PI,HX2000PI.HE,Finland,OMXH Industrial,
HX1000PI,HX1000PI.HE,Finland,OMXH Materials,
HX0001PI,HX0001PI.HE,Finland,OMXH Oil&Gas,
HX9000PI,HX9000PI.HE,Finland,OMXH Technology,
HX6000PI,HX6000PI.HE,Finland,OMXH Telecom,
HX7000PI,HX7000PI.HE,Finland,OMXH Utilities,
SX40PI,SX40PI.ST,Sweden,OMXS Consumer Discretionary,
SX45PI,SX45PI.ST,Sweden,OMXS Consumer Staples,
SX60PI,SX60PI.ST,Sweden,OMXS Energy,
SX30PI,SX30PI.ST,Sweden,OMXS Financials,
SX20PI,SX20PI.ST,Sweden,OMXS Health Care,
SX50PI,SX50PI.ST,Sweden,OMXS Industrials,
SX55PI,SX55PI.ST,Sweden,OMXS Materials,
SX35PI,SX35PI.ST,Sweden,OMXS Real Estate,
SX10PI,SX10PI.ST,Sweden,OMXS Technology,
SX15PI,SX15PI.ST,Sweden,OMXS Telecom,
SX65PI,SX65PI.ST,Sweden,OMXS Utilities,
ONCIN,ONCIN.OL,Norway,Oncoinvent,
ONCO,ONCO.ST,Sweden,Oncopeptides,
ONCOZ,ONCOZ.ST,Sweden,OncoZenge,
ONEF,ONEF.ST,Sweden,Oneflow,
OBAB,OBAB.ST,Sweden,Online Brands Nordic,
OODA,OODA.ST,Sweden,OODA AI,
OPSYH,OPSYH.ST,Sweden,Opsy Holding,
OPTER,OPTER.ST,Sweden,Opter,
OPTI,OPTI.ST,Sweden,OptiCept Technologies,
OPTOMED,OPTOMED.HE,Finland,Optomed,
ORX,ORX.ST,Sweden,Orexo,
ORGC,ORGC.ST,Sweden,OrganoClick,
ORIOLA,ORIOLA.HE,Finland,Oriola,
ORNAV,ORNAV.HE,Finland,Orion A,
ORNBV,ORNBV.HE,Finland,Orion B,
ORK,ORK.OL,Norway,Orkla,
ORRON,ORRON.ST,Sweden,Orrön Energy,
ORSTED,ORSTED.CO,Denmark,Orsted,
ORTIN,ORTIN.ST,Sweden,Ortelius International,
ORTHEX,ORTHEX.HE,Finland,Orthex,
ORTI A,ORTI-A.ST,Sweden,Ortivus A,
ORTI B,ORTI-B.ST,Sweden,Ortivus B,
ORT B,ORT-B.ST,Sweden,Ortoma,
OSEBX,OSEBX.OL,Norway,OSEBX Oslo,
OSSD,OSSD.ST,Sweden,OssDsign,
OKEAC,OKEAC.CO,Denmark,Ostasiatiske,
OTEC,OTEC.OL,Norway,Otello,
OTOVO,OTOVO.OL,Norway,Otovo,
OURLIV,OURLIV.ST,Sweden,OurLiving,
OUT1V,OUT1V.HE,Finland,Outokumpu,
OVARO,OVARO.HE,Finland,Ovaro Kiinteistösijoitus,
OVZON,OVZON.ST,Sweden,Ovzon,
OXE,OXE.ST,Sweden,OXE Marine,
PALLAS,PALLAS.HE,Finland,Pallas Air,
PNDORA,PNDORA.CO,Denmark,Pandora,
PNDX B,PNDX-B.ST,Sweden,Pandox,
PEN,PEN.OL,Norway,Panoro Energy,
PNA1V,PNA1V.HE,Finland,Panostaja,
PFINV,PFINV.CO,Denmark,Papirfabrikken Invest,
PDX,PDX.ST,Sweden,Paradox Interactive,
PLSV,PLSV.OL,Norway,Paratus Energy,
PARB,PARB.OL,Norway,Pareto Bank,
PARKST A,PARKST-A.CO,Denmark,Park Street,
PARKEN,PARKEN.CO,Denmark,PARKEN Sport,
PAX,PAX.ST,Sweden,Paxman,
PCIB,PCIB.OL,Norway,PCI Biotech,
PEAB B,PEAB-B.ST,Sweden,Peab,
PMED,PMED.ST,Sweden,Peptonic Medical,
PAAL B,PAAL-B.CO,Denmark,Per Aarsleff,
PERP B,PERP-B.ST,Sweden,Perpetua Medical,
SX4520PI,SX4520PI.ST,Sweden,Personal Care,
SX402040PI,SX402040PI.ST,Sweden,Personal Goods,
PSE,PSE.OL,Norway,Petrolia,
PNOR,PNOR.OL,Norway,PetroNor E&P,
PEXA B,PEXA-B.ST,Sweden,PExA,
PEXIP,PEXIP.OL,Norway,Pexip,
PEG,PEG.CO,Denmark,Pharma Equity,
SX201030PI,SX201030PI.ST,Sweden,Pharmaceuticals,
PHAL,PHAL.ST,Sweden,PharmaLundensis,
PHI,PHI.ST,Sweden,Phase Holographic,
PCAT,PCAT.ST,Sweden,Photocat,
PHO,PHO.OL,Norway,Photocure,
PTRK,PTRK.ST,Sweden,Physitrack,
PIERCE,PIERCE.ST,Sweden,Pierce Group,
PIHLIS,PIHLIS.HE,Finland,Pihlajalinna,
PIIPPO,PIIPPO.HE,Finland,Piippo,
PILA,PILA.ST,Sweden,Pila Pharma,
PION B,PION-B.ST,Sweden,PION Group,
PPG,PPG.OL,Norway,Pioneer Property Pref,
PIXEL,PIXEL.ST,Sweden,PixelFox,
PIXFAM,PIXFAM.ST,Sweden,Pixfam,
PLAZ B,PLAZ-B.ST,Sweden,Platzer Fastigheter,
PLEJD,PLEJD.ST,Sweden,Plejd,
ARVOSK,ARVOSK.HE,Finland,Pohjanmaan Arvo,
POLAR,POLAR.ST,Sweden,PolarCool,
POL,POL.OL,Norway,Polaris Media,
PLT,PLT.OL,Norway,poLight,
POLYG,POLYG.ST,Sweden,Polygiene,
POLYMER,POLYMER.ST,Sweden,Polymer Factory,
PON1V,PON1V.HE,Finland,Ponsse 1,
POSTI,POSTI.HE,Finland,Posti Group,
PCELL,PCELL.ST,Sweden,PowerCell,
PREBON,PREBON.ST,Sweden,Prebona,
PRCO B,PRCO-B.ST,Sweden,Precio Fishbone,
SX551030PI,SX551030PI.ST,Sweden,Precious Metals & Mining,
PREC,PREC.ST,Sweden,Precise Biometrics,
PCOM B,PCOM-B.ST,Sweden,Precomp Solutions,
SNX,SNX.ST,Sweden,Premium Snacks,
PHOL PREF,PHOLPREF.ST,Sweden,Preservia Holding Pref,
PHYR B,PHYR-B.ST,Sweden,Preservia Hyresfastigheter,
PHYR PREF,PHYRPREF.ST,Sweden,Preservia Pref,
PRESRV,PRESRV.ST,Sweden,Preservium Property,
PREV B,PREV-B.ST,Sweden,Prevas,
PRIC B,PRIC-B.ST,Sweden,Pricer,
PRIMOF,PRIMOF.CO,Denmark,Prime Office,
PRISMA,PRISMA.ST,Sweden,Prisma Properties,
PACT,PACT.ST,Sweden,Proact IT,
PROF B,PROF-B.ST,Sweden,ProfilGruppen,
PRFO,PRFO.ST,Sweden,Profoto,
PRLD,PRLD.ST,Sweden,Prolight Diagnostics,
PRO,PRO.ST,Sweden,Promimic,
PRS,PRS.OL,Norway,Prosafe,
PROGEN,PROGEN.ST,Sweden,Prostatype Genomics,
PROT,PROT.OL,Norway,Protector,
PROVIT,PROVIT.ST,Sweden,Provide IT,
PROXI,PROXI.OL,Norway,Proximar Seafood,
PRYME,PRYME.OL,Norway,Pryme,
PUBLI,PUBLI.OL,Norway,Public Property Invest,
PUUILO,PUUILO.HE,Finland,Puuilo,
PYRUM,PYRUM.OL,Norway,Pyrum Innovations,
QBNK,QBNK.ST,Sweden,QBank,
QBEN,QBEN.ST,Sweden,Qben Infra,
QBIM,QBIM.ST,Sweden,QBIM,
QBRICK,QBRICK.ST,Sweden,Qbrick,
QIIWI,QIIWI.ST,Sweden,Qiiwi Games,
QINTER,QINTER.CO,Denmark,Q-Interline,
QAIR,QAIR.ST,Sweden,QleanAir,
QLIFE,QLIFE.ST,Sweden,QLife,
QLINEA,QLINEA.ST,Sweden,Q-Linea,
QLIRO,QLIRO.ST,Sweden,Qliro,
QCORE,QCORE.ST,Sweden,Qlucore,
QPR1V,QPR1V.HE,Finland,QPR Software,
QTCOM,QTCOM.HE,Finland,Qt Group,
QSYS,QSYS.ST,Sweden,Qualisys,
QEC,QEC.OL,Norway,Questerre Energy,
QUIA,QUIA.ST,Sweden,QuiaPEG Pharmaceuticals,
RAIL,RAIL.ST,Sweden,Railcare,
RMDX,RMDX.ST,Sweden,Railway Metrics & Dynamics,
RAIKV,RAIKV.HE,Finland,Raisio K,
RAKE,RAKE.ST,Sweden,Raketech,
RAMSH,RAMSH.ST,Sweden,Ramlösa Shipping,
RANA,RANA.OL,Norway,Rana Gruber,
RLOS B,RLOS-B.ST,Sweden,RanLOS,
RPLAN,RPLAN.ST,Sweden,Ranplan,
RAP1V,RAP1V.HE,Finland,Rapala,
RATO A,RATO-A.ST,Sweden,Ratos A,
RATO B,RATO-B.ST,Sweden,Ratos B,
RAUTE,RAUTE.HE,Finland,Raute,
RAY B,RAY-B.ST,Sweden,RaySearch Laboratories,
REACH,REACH.OL,Norway,Reach Subsea,
SX351010PI,SX351010PI.ST,Sweden,Real Estate Investment,
REAL,REAL.ST,Sweden,Real Fastigheter,
REALFI,REALFI.ST,Sweden,Realfiction,
REBL,REBL.HE,Finland,Rebl Group,
RECSI,RECSI.OL,Norway,REC Silicon,
RECY B,RECY-B.ST,Sweden,Recyctec,
REDS,REDS.ST,Sweden,Redsense Medical,
REFINE,REFINE.ST,Sweden,Refine Group,
REFL,REFL.OL,Norway,ReFuels N.V.,
REJL B,REJL-B.ST,Sweden,Rejlers,
REKA,REKA.HE,Finland,Reka Industrial,
RELAIS,RELAIS.HE,Finland,Relais Group,
RLVNC,RLVNC.ST,Sweden,Relevance Communication,
REMEDY,REMEDY.HE,Finland,Remedy Entertainment,
RVN,RVN.ST,Sweden,Renewable Ventures,
RENT,RENT.ST,Sweden,Rentunder,
RESP,RESP.ST,Sweden,Respiratorius,
SX4040PI,SX4040PI.ST,Sweden,Retail,
SX404010PI,SX404010PI.ST,Sweden,Retailers,
REG1V,REG1V.HE,Finland,Revenio,
RVRC,RVRC.ST,Sweden,Revolutionrace,
RIAS B,RIAS-B.CO,Denmark,Rias,
RILBA,RILBA.CO,Denmark,Ringkjobing Landbobank,
RISK,RISK.CO,Denmark,Risk Intelligence,
RIVER,RIVER.OL,Norway,River Tech,
ROBIT,ROBIT.HE,Finland,Robit,
RBLN B,RBLN-B.CO,Denmark,Roblon,
ROCK A,ROCK-A.CO,Denmark,Rockwool A,
ROCK B,ROCK-B.CO,Denmark,Rockwool B,
ROGS,ROGS.OL,Norway,Rogaland Sparebank,
RO,RO.ST,Sweden,Rolling Optics,
ROMER,ROMER.OL,Norway,Romerike Sparebank,
ROM,ROM.OL,Norway,RomReal,
RROS,RROS.ST,Sweden,Rottneros,
ROV,ROV.CO,Denmark,Rovsing,
RBREW,RBREW.CO,Denmark,Royal UNIBREW,
RTX,RTX.CO,Denmark,RTX,
RUG,RUG.ST,Sweden,RugVista,
RUSTA,RUSTA.ST,Sweden,Rusta,
ROKO B,ROKO-B.ST,Sweden,Röko,
SDSD,SDSD.OL,Norway,S.D. Standard ETC,
S2M,S2M.ST,Sweden,S2Medical,
SAAB B,SAAB-B.ST,Sweden,Saab,
SAFE,SAFE.ST,Sweden,Safe at Sea,
SLG B,SLG-B.ST,Sweden,Safe Lane Gaming,
SFL,SFL.ST,Sweden,Safello Group,
SFTR,SFTR.ST,Sweden,Safeture,
SAGCV,SAGCV.HE,Finland,Saga Furs,
SAGA,SAGA.OL,Norway,Saga Pure,
SAGA A,SAGA-A.ST,Sweden,Sagax A,
SAGA B,SAGA-B.ST,Sweden,Sagax B,
SAGA D,SAGA-D.ST,Sweden,Sagax D,
SALM,SALM.OL,Norway,SalMar,
SALME,SALME.OL,Norway,Salmon Evolution,
SALT B,SALT-B.ST,Sweden,SaltX Technology,
SBB B,SBB-B.ST,Sweden,Samhällsbyggnadsbolag B,
SBB D,SBB-D.ST,Sweden,Samhällsbyggnadsbolag D,
SAMPO,SAMPO.HE,Finland,Sampo,
SAMPO SDB,SAMPOSDB.ST,Sweden,Sampo,
SAMPO DKK,SAMPODKK.CO,Denmark,Sampo,
SAMT B,SAMT-B.ST,Sweden,Samtrygg,
SAND,SAND.ST,Sweden,Sandvik,
SANION,SANION.ST,Sweden,Saniona,
SANOMA,SANOMA.HE,Finland,Sanoma,
SARS,SARS.ST,Sweden,SARSYS,
SATS,SATS.OL,Norway,SATS,
YIELD,YIELD.ST,Sweden,SaveLend,
SAXG,SAXG.ST,Sweden,Saxlund,
SCA A,SCA-A.ST,Sweden,SCA A,
SCA B,SCA-B.ST,Sweden,SCA B,
SCANA,SCANA.OL,Norway,Scana,
SBOK,SBOK.ST,Sweden,ScandBook,
SCST,SCST.ST,Sweden,Scandi Standard,
SHOT,SHOT.ST,Sweden,Scandic Hotels,
SDOS,SDOS.ST,Sweden,ScandiDos,
ASTOR,ASTOR.ST,Sweden,Scandinavian Astor,
SES,SES.ST,Sweden,Scandinavian Enviro,
SIG,SIG.CO,Denmark,Scandinavian Investment,
SMSMED,SMSMED.CO,Denmark,Scandinavian Medical,
HEART,HEART.ST,Sweden,Scandinavian Real Heart,
STG,STG.CO,Denmark,Scandinavian Tobacco,
SCANFL,SCANFL.HE,Finland,Scanfil,
SCATC,SCATC.OL,Norway,Scatec,
SCHO,SCHO.CO,Denmark,Schouw & Co.,
SCIB,SCIB.ST,Sweden,Scibase,
SCOUT,SCOUT.ST,Sweden,Scout Gaming,
SDIP B,SDIP-B.ST,Sweden,Sdiptech,
SDIP PREF,SDIPPREF.ST,Sweden,Sdiptech Pref,
SEA1,SEA1.OL,Norway,Sea1 Offshore,
SEAF,SEAF.ST,Sweden,Seafire,
SDS,SDS.ST,Sweden,Seamless Distribution Systems,
STW,STW.ST,Sweden,SeaTwirl,
SEB A,SEB-A.ST,Sweden,SEB A,
SEB C,SEB-C.ST,Sweden,SEB C,
SECT B,SECT-B.ST,Sweden,Sectra,
SECU B,SECU-B.ST,Sweden,Securitas,
ENH,ENH.OL,Norway,SED Energy,
SEDANA,SEDANA.ST,Sweden,Sedana Medical,
SEHED B,SEHED-B.ST,Sweden,SEHED Byggmästargruppen,
SBO,SBO.OL,Norway,Selvaag Bolig,
SDET,SDET.ST,Sweden,SensoDetect,
SGG,SGG.ST,Sweden,Sensys Gatso,
SNTIA,SNTIA.OL,Norway,Sentia,
SENZA,SENZA.ST,Sweden,SenzaGen,
SEZI,SEZI.ST,Sweden,Senzime,
SERT,SERT.ST,Sweden,Serstech,
SERV,SERV.ST,Sweden,Servana,
SNM,SNM.ST,Sweden,ShaMaran,
SHAPE,SHAPE.CO,Denmark,Shape Robotics,
SHT B,SHT-B.ST,Sweden,SHT Smart High-Tech,
SIBEK,SIBEK.ST,Sweden,Sibek,
SIILI,SIILI.HE,Finland,Siili Solutions,
SILEON,SILEON.ST,Sweden,Sileon,
SIMRIS B,SIMRIS-B.ST,Sweden,Simris Alg,
SINCH,SINCH.ST,Sweden,Sinch,
SINT,SINT.ST,Sweden,SinterCast,
SITOWS,SITOWS.HE,Finland,Sitowise Group,
SIVE,SIVE.ST,Sweden,Sivers Semiconductors,
SCC B,SCC-B.ST,Sweden,Sjöstrand Coffee,
SKAKO,SKAKO.CO,Denmark,SKAKO,
SKAND,SKAND.OL,Norway,Skandia GreenPower,
SKA B,SKA-B.ST,Sweden,Skanska,
SKF A,SKF-A.ST,Sweden,SKF A,
SKF B,SKF-B.ST,Sweden,SKF B,
SKIS B,SKIS-B.ST,Sweden,SkiStar,
SKJE,SKJE.CO,Denmark,Skjern Bank,
SKOLON,SKOLON.ST,Sweden,Skolon,
SKUE,SKUE.OL,Norway,Skue Sparebank,
SKMO,SKMO.ST,Sweden,Skåne-möllan,
SLEEP,SLEEP.ST,Sweden,Sleep Cycle,
SLOTT B,SLOTT-B.ST,Sweden,Slottsviken B,
SEYE,SEYE.ST,Sweden,Smart Eye,
SMCRT,SMCRT.OL,Norway,SmartCraft,
SMOP,SMOP.OL,Norway,Smartoptics,
SMOL,SMOL.ST,Sweden,Smoltek,
SOCIAL,SOCIAL.ST,Sweden,Sociallite US,
SOFTX,SOFTX.OL,Norway,SoftOx Solutions,
SOF B,SOF-B.ST,Sweden,Softronic,
SX101010PI,SX101010PI.ST,Sweden,Software & Computer,
SWON,SWON.OL,Norway,SoftwareOne,
SOGN,SOGN.OL,Norway,Sogn Sparebank,
STECH,STECH.OL,Norway,Soiltech,
SOLAR B,SOLAR-B.CO,Denmark,Solar,
SFOODS,SFOODS.HE,Finland,Solar Foods,
SFAB,SFAB.ST,Sweden,Solid Försäkring,
SOLIDX,SOLIDX.ST,Sweden,SolidX,
SOLNA,SOLNA.ST,Sweden,Solnaberg,
SOMA,SOMA.OL,Norway,Solstad Maritime,
SOFF,SOFF.OL,Norway,Solstad Offshore,
SOLT,SOLT.ST,Sweden,SolTech Energy,
SOLTEQ,SOLTEQ.HE,Finland,Solteq,
SIN,SIN.ST,Sweden,Solution International,
SOLWERS,SOLWERS.HE,Finland,Solwers,
SONE,SONE.ST,Sweden,Sonetel,
SOSI,SOSI.ST,Sweden,Sotkamo Silver,
SOSI1,SOSI1.HE,Finland,Sotkamo Silver,
SOUND,SOUND.ST,Sweden,Sound Dimension,
SPG,SPG.CO,Denmark,SP Group,
SPAGO,SPAGO.ST,Sweden,Spago Nanomedical,
HELG,HELG.OL,Norway,Sparebank 1 Helgeland,
SNOR,SNOR.OL,Norway,Sparebank 1 Nordmore,
NONG,NONG.OL,Norway,Sparebank 1 Nord-Norge,
SOAG,SOAG.OL,Norway,Sparebank 1 Ostfold Akershus,
SPOL,SPOL.OL,Norway,Sparebank 1 Ostlandet,
RING,RING.OL,Norway,Sparebank 1 Ringerike Hadeland,
MING,MING.OL,Norway,Sparebank 1 SMN,
SB1NO,SB1NO.OL,Norway,SpareBank 1 Sor-Norge,
SB68,SB68.OL,Norway,Sparebank 68 grader nord,
MORG,MORG.OL,Norway,Sparebanken More,
SBNOR,SBNOR.OL,Norway,Sparebanken Norge,
SPOG,SPOG.OL,Norway,Sparebanken Ost,
SPKSJF,SPKSJF.CO,Denmark,Sparekassen Sjaelland-Fyn,
SPEC,SPEC.ST,Sweden,SpectraCure,
SPEONE,SPEONE.ST,Sweden,SpectrumOne,
SPERM,SPERM.ST,Sweden,Spermosens,
SPLTN,SPLTN.ST,Sweden,Spiltan Invest,
SPINN,SPINN.HE,Finland,Spinnova,
SPIR,SPIR.OL,Norway,Spir Group,
SPGR,SPGR.ST,Sweden,Spotlight Group,
SPOTR,SPOTR.ST,Sweden,Spotr Group,
SPRING,SPRING.HE,Finland,Springvest,
SPRINT,SPRINT.ST,Sweden,Sprint Bioscience,
SRV1V,SRV1V.HE,Finland,SRV Group,
SSAB A,SSAB-A.ST,Sweden,SSAB A,
SSABAH,SSABAH.HE,Finland,SSAB A,
SSABBH,SSABBH.HE,Finland,SSAB B,
SSAB B,SSAB-B.ST,Sweden,SSAB B,
SSH1V,SSH1V.HE,Finland,SSH Communications,
STST,STST.OL,Norway,Stainless Tankers,
STVA B,STVA-B.ST,Sweden,Star Vault,
STAR A,STAR-A.ST,Sweden,Starbreeze A,
STAR B,STAR-B.ST,Sweden,Starbreeze B,
STABL,STABL.ST,Sweden,Stayble Therapeutics,
STEF B,STEF-B.ST,Sweden,Stendörren Fastigheter,
SFAST,SFAST.ST,Sweden,Stenhus Fastigheter,
STENO,STENO.CO,Denmark,Stenocare,
STIL,STIL.ST,Sweden,Stille,
SF,SF.ST,Sweden,Stillfront,
STWK,STWK.ST,Sweden,Stockwik Förvaltning,
SNI,SNI.OL,Norway,Stolt-Nielsen,
SBG,SBG.ST,Sweden,StoneBeach,
STE A,STE-A.ST,Sweden,Stora Enso A,
STEAV,STEAV.HE,Finland,Stora Enso A,
STE R,STE-R.ST,Sweden,Stora Enso R,
STERV,STERV.HE,Finland,Stora Enso R,
STB,STB.OL,Norway,Storebrand,
STOR B,STOR-B.ST,Sweden,Storskogen,
STORY B,STORY-B.ST,Sweden,Storytel,
STRINV,STRINV.CO,Denmark,Strategic Investments,
STRAP,STRAP.CO,Denmark,Strategic Partners,
STRO,STRO.OL,Norway,StrongPoint,
STUDBO,STUDBO.ST,Sweden,Studentbostäder,
SVIK,SVIK.ST,Sweden,Studsvik,
SUBGEN,SUBGEN.ST,Sweden,Subgen AI,
SUBC,SUBC.OL,Norway,Subsea7,
SUMMAS,SUMMAS.ST,Sweden,Summa Defence,
SUMMA,SUMMA.HE,Finland,Summa Defence,
SBI,SBI.HE,Finland,Sunborn,
STRD B,STRD-B.ST,Sweden,Suntrade,
SUY1V,SUY1V.HE,Finland,Suominen,
SUS,SUS.ST,Sweden,Surgical Science,
SENS,SENS.ST,Sweden,Sustainable Energy,
SUSG,SUSG.ST,Sweden,Sustainion,
SVEAF,SVEAF.ST,Sweden,Sveafastigheter,
SWEC A,SWEC-A.ST,Sweden,Sweco A,
SWEC B,SWEC-B.ST,Sweden,Sweco B,
SWED A,SWED-A.ST,Sweden,Swedbank,
SVED B,SVED-B.ST,Sweden,Svedbergs,
BUY,BUY.ST,Sweden,Sweden BuyersClub,
SECARE,SECARE.ST,Sweden,Swedencare,
SLP B,SLP-B.ST,Sweden,Swedish Logistic Property,
SOBI,SOBI.ST,Sweden,Swedish Orphan Biovitrum,
AERO,AERO.ST,Sweden,Svenska Aerogel,
SWISS,SWISS.CO,Denmark,Swiss Properties Invest,
SVOL A,SVOL-A.ST,Sweden,Svolder A,
SVOL B,SVOL-B.ST,Sweden,Svolder B,
SYNACT,SYNACT.ST,Sweden,SynAct Pharma,
SYNEXO,SYNEXO.ST,Sweden,Synexo,
SYNSAM,SYNSAM.ST,Sweden,Synsam,
SYNT,SYNT.ST,Sweden,SyntheticMR,
SYSR,SYSR.ST,Sweden,Systemair,
SODER,SODER.ST,Sweden,Söder Sportfiske,
TAALA,TAALA.HE,Finland,Taaleri,
TAGM B,TAGM-B.ST,Sweden,TagMaster,
TNOM,TNOM.HE,Finland,Talenom,
TALK,TALK.ST,Sweden,Talkpool,
TALLINK,TALLINK.HE,Finland,Tallink Grupp,
TAMTRON,TAMTRON.HE,Finland,Tamtron,
TANGI,TANGI.ST,Sweden,Tangiamo Touch,
TCC A,TCC-A.ST,Sweden,TCECUR,
TCM,TCM.CO,Denmark,TCM Group,
SX101020PI,SX101020PI.ST,Sweden,Technology Hardware,
TECH,TECH.OL,Norway,Techstep,
TEM1V,TEM1V.HE,Finland,Tecnotree,
TEKNA,TEKNA.OL,Norway,Tekna Holding,
TEKOVA,TEKOVA.HE,Finland,Tekova,
TEL2 A,TEL2-A.ST,Sweden,Tele2 A,
TEL2 B,TEL2-B.ST,Sweden,Tele2 B,
SX151010PI,SX151010PI.ST,Sweden,Telecom Equipment,
SX151020PI,SX151020PI.ST,Sweden,Telecom Service Providers,
TEL,TEL.OL,Norway,Telenor,
TLT1V,TLT1V.HE,Finland,Teleste,
TELIA,TELIA.ST,Sweden,Telia Company,
TELIA1,TELIA1.HE,Finland,Telia Company,
TELLUS,TELLUS.ST,Sweden,Tellusgruppen,
TSEC,TSEC.ST,Sweden,Tempest Security,
TENEO,TENEO.ST,Sweden,Teneo AI,
TEQ,TEQ.ST,Sweden,Teqnion,
TERRNT B,TERRNT-B.ST,Sweden,TerraNet,
TERNOR,TERNOR.ST,Sweden,Terranor Group,
TTALO,TTALO.HE,Finland,Terveystalo,
TESSIN,TESSIN.ST,Sweden,Tessin Nordic,
TFBANK,TFBANK.ST,Sweden,TF Bank,
TGS,TGS.OL,Norway,TGS,
KING,KING.OL,Norway,The Kingfish Company,
THINC,THINC.ST,Sweden,Thinc,
TRMED,TRMED.OL,Norway,Thor Medical,
THULE,THULE.ST,Sweden,Thule,
THUNDR,THUNDR.ST,Sweden,Thunderful,
TIETOS,TIETOS.ST,Sweden,TietoEVRY,
TIETO,TIETO.HE,Finland,TietoEVRY,
TIETO,TIETO.OL,Norway,TietoEVRY,
TPGR,TPGR.ST,Sweden,Time People Group,
TINDE,TINDE.OL,Norway,Tinde Sparebank,
TINGS A,TINGS-A.ST,Sweden,Tingsvalvet A,
TINGS B,TINGS-B.ST,Sweden,Tingsvalvet B,
TINGS PREF,TINGSPREF.ST,Sweden,Tingsvalvet Pref,
TITA B,TITA-B.ST,Sweden,Titania,
TITAN,TITAN.HE,Finland,Titanium,
TIV,TIV.CO,Denmark,Tivoli,
TOBII,TOBII.ST,Sweden,Tobii,
TOIVO,TOIVO.HE,Finland,Toivo Group,
TOKMAN,TOKMAN.HE,Finland,Tokmanni Group,
TOM,TOM.OL,Norway,Tomra Systems,
TRMD A,TRMD-A.CO,Denmark,TORM,
TOUCH,TOUCH.ST,Sweden,Touchtech,
TOURN,TOURN.ST,Sweden,Tourn,
TRAC B,TRAC-B.ST,Sweden,Traction,
TRAD,TRAD.ST,Sweden,TradeDoubler,
TRAIN B,TRAIN-B.ST,Sweden,Train Alliance,
TRH1V,TRH1V.HE,Finland,Trainers House,
TRML,TRML.ST,Sweden,Trainimal,
TRNSF,TRNSF.ST,Sweden,Transfer Group,
TRAN A,TRAN-A.ST,Sweden,Transferator A,
TRAN B,TRAN-B.ST,Sweden,Transferator B,
TIRO,TIRO.ST,Sweden,Transiro,
TRANS,TRANS.ST,Sweden,Transtema,
8TRA,8TRA.ST,Sweden,Traton,
SX4050PI,SX4050PI.ST,Sweden,Travel & Leisure,
TRE,TRE.OL,Norway,Treasure,
TREL B,TREL-B.ST,Sweden,Trelleborg,
TRIAN B,TRIAN-B.ST,Sweden,Trianon,
TRIBO B,TRIBO-B.ST,Sweden,Tribox Group,
TRIFOR,TRIFOR.CO,Denmark,Trifork,
TRIONA,TRIONA.ST,Sweden,Triona,
TROAX,TROAX.ST,Sweden,Troax Group,
TRSB,TRSB.OL,Norway,Trondelag Sparebank,
TGAMES,TGAMES.CO,Denmark,Trophy Games,
TRUE B,TRUE-B.ST,Sweden,Truecaller,
TRYG,TRYG.CO,Denmark,Tryg,
TULAV,TULAV.HE,Finland,Tulikivi,
TURA,TURA.ST,Sweden,Tura Group,
UIE,UIE.CO,Denmark,UIE,
UMIDA B,UMIDA-B.ST,Sweden,Umida,
UNIBAP,UNIBAP.ST,Sweden,Unibap Space Solutions,
UNITED,UNITED.HE,Finland,United Bankers,
UNLGRP,UNLGRP.CO,Denmark,Unlimit Group,
UTG,UTG.ST,Sweden,Unlimited Travel Group,
UPGRAD,UPGRAD.ST,Sweden,Upgrade Invest Nordic,
UPM,UPM.HE,Finland,UPM-Kymmene,
UPSALE,UPSALE.ST,Sweden,Upsales,
USWE,USWE.ST,Sweden,USWE Sports,
W5,W5.ST,Sweden,W5 Solutions,
VAIAS,VAIAS.HE,Finland,Vaisala,
WTW A,WTW-A.ST,Sweden,Wall to Wall,
WAWI,WAWI.OL,Norway,Wallenius Wilhelmsen,
WALL B,WALL-B.ST,Sweden,Wallenstam,
VALMT,VALMT.HE,Finland,Valmet,
VALUNO,VALUNO.ST,Sweden,Valuno Group,
VDI,VDI.OL,Norway,Vantage Drilling,
VAXXA,VAXXA.ST,Sweden,Vaxxa,
WAYS,WAYS.ST,Sweden,Waystream,
VBG B,VBG-B.ST,Sweden,VBG Group,
WRV,WRV.ST,Sweden,Webrock Ventures,
WSTEP,WSTEP.OL,Norway,Webstep,
VEFAB,VEFAB.ST,Sweden,VEF,
VEI,VEI.OL,Norway,Veidekke,
VEND,VEND.OL,Norway,Vend Marketplaces,
VTURA,VTURA.OL,Norway,Ventura Offshore,
VSURE,VSURE.ST,Sweden,Verisure,
VERK,VERK.HE,Finland,Verkkokauppa.com,
VERT B,VERT-B.ST,Sweden,Vertiseit,
VER,VER.ST,Sweden,Verve Group,
VWS,VWS.CO,Denmark,Vestas Wind Systems,
WEST,WEST.OL,Norway,Western Bulk Chartering,
WPAY,WPAY.ST,Sweden,Westpay,
VESTUM,VESTUM.ST,Sweden,Vestum,
VPAB B,VPAB-B.ST,Sweden,Veteranpoolen,
WETTERI,WETTERI.HE,Finland,Wetteri,
WPTG B,WPTG-B.ST,Sweden,White Pearl Technology,
WHITE B,WHITE-B.ST,Sweden,White Pebbles,
VIAFIN,VIAFIN.HE,Finland,Viafin Service,
VPLAY A,VPLAY-A.ST,Sweden,Viaplay A,
VPLAY B,VPLAY-B.ST,Sweden,Viaplay B,
VSD B,VSD-B.ST,Sweden,Vibrosense Dynamics,
VICO,VICO.ST,Sweden,Vicore Pharma,
VIDH,VIDH.ST,Sweden,Vidhance,
WIHL,WIHL.ST,Sweden,Wihlborgs Fastigheter,
VIK1V,VIK1V.HE,Finland,Viking Line,
VSSAB B,VSSAB-B.ST,Sweden,Viking Supply,
WWI,WWI.OL,Norway,Wilh. Wilhelmsen A,
WWIB,WWIB.OL,Norway,Wilh. Wilhelmsen B,
VIMAB,VIMAB.ST,Sweden,Vimab Group,
VIMIAN,VIMIAN.ST,Sweden,Vimian Group,
VINCIT,VINCIT.HE,Finland,Vincit,
WEG,WEG.ST,Sweden,Windon,
WMA,WMA.CO,Denmark,WindowMaster,
VIRO,VIRO.CO,Denmark,ViroGates,
WIRTEK,WIRTEK.CO,Denmark,WIRTEK,
WISE,WISE.ST,Sweden,Wise Group,
VISTN,VISTN.OL,Norway,Vistin Pharma,
VIT B,VIT-B.ST,Sweden,Vitec Software,
WITH,WITH.HE,Finland,WithSecure,
VITR,VITR.ST,Sweden,Vitrolife,
WITTED,WITTED.HE,Finland,Witted Megacorp,
VIVA,VIVA.ST,Sweden,Viva Wine,
VIVE,VIVE.ST,Sweden,Vivesto,
VNV,VNV.ST,Sweden,VNV Global,
VO2,VO2.ST,Sweden,Vo2 Cap,
VOLO,VOLO.ST,Sweden,Volati,
VOLO PREF,VOLOPREF.ST,Sweden,Volati Pref,
VOLV A,VOLV-A.ST,Sweden,Volvo A,
VOLV B,VOLV-B.ST,Sweden,Volvo B,
VOLCAR B,VOLCAR-B.ST,Sweden,Volvo Car,
WONDR,WONDR.ST,Sweden,Wonderboo,
WTG,WTG.ST,Sweden,Wonderful Times,
VVL,VVL.OL,Norway,Voss Veksel Landmandsbank,
VOW,VOW.OL,Norway,Vow,
WSG,WSG.ST,Sweden,WS WeSports,
WUF1V,WUF1V.HE,Finland,Wulff-Yhtiöt,
VUXEN,VUXEN.ST,Sweden,Vuxen Group,
WYLD,WYLD.ST,Sweden,Wyld Networks,
VAR,VAR.OL,Norway,Vår Energi,
WRT1V,WRT1V.HE,Finland,Wärtsilä,
WBGR B,WBGR-B.ST,Sweden,Wästbygg,
VH,VH.ST,Sweden,Västra Hamnen,
XANO B,XANO-B.ST,Sweden,XANO Industri,
XBRANE,XBRANE.ST,Sweden,Xbrane Biopharma,
XINT,XINT.ST,Sweden,Xintela,
XMR,XMR.ST,Sweden,XMReality,
XOM B,XOM-B.ST,Sweden,Xoma,
XPC,XPC.ST,Sweden,XP Chemistries,
XPLRA,XPLRA.OL,Norway,Xplora Technologies,
XSPRAY,XSPRAY.ST,Sweden,Xspray Pharma,
XVIVO,XVIVO.ST,Sweden,Xvivo Perfusion,
YAR,YAR.OL,Norway,Yara International,
YIT,YIT.HE,Finland,YIT Corporation,
YUBICO,YUBICO.ST,Sweden,Yubico,
ZAL,ZAL.OL,Norway,Zalaris,
ZAPLOX,ZAPLOX.ST,Sweden,Zaplox,
ZAP,ZAP.OL,Norway,Zaptec,
ZEAL,ZEAL.CO,Denmark,Zealand Pharma,
ZLNA,ZLNA.OL,Norway,Zelluna,
ZENZIP B,ZENZIP-B.ST,Sweden,Zenergy,
ZENI,ZENI.ST,Sweden,Zenicor Medical,
ZENA,ZENA.OL,Norway,Zenith Energy,
ZENA SDR,ZENASDR.ST,Sweden,Zenith Energy SDR,
ZZ B,ZZ-B.ST,Sweden,Zinzino,
ZOOM,ZOOM.ST,Sweden,Zoomability,
ALBAV,ALBAV.HE,Finland,Ålandsbanken A,
ALBBV,ALBBV.HE,Finland,Ålandsbanken B,
ORES,ORES.ST,Sweden,Öresund,
